abandon,əˈbændən
ability,əˈbɪɫəˌti
able,ˈeɪbəɫ
abortion,əˈbɔɹʃən
about,əˈbaʊt
above,əˈbəv
abroad,əˈbɹɔd
absence,ˈæbsəns
absolute,ˈæbsəˌɫut
absolutely,ˌæbsəˈɫutɫi
absorb,əbˈzɔɹb
abstract,ˈæbˌstɹækt
abuse,əbˈjus
academic,ˌækəˈdɛmɪk
accelerate,ækˈsɛɫɝˌeɪt
accent,ˈækˌsɛnt
accept,ækˈsɛpt
acceptable,ækˈsɛptəbəɫ
acceptance,ækˈsɛptəns
access,ˈækˌsɛs
accessible,ækˈsɛsəbəɫ
accident,ˈæksədənt
accommodate,əˈkɑməˌdeɪt
accompany,əˈkəmpəni
accomplish,əˈkɑmpɫɪʃ
accomplishment,əˈkɑmpɫɪʃmənt
according,əˈkɔɹdɪŋ
account,əˈkaʊnt
accountability,əˈkaʊnəbɪɫɪti
accounting,əˈkaʊnɪŋ
accuracy,ˈækjɝəsi
accurate,ˈækjɝət
accurately,ˈækjɝətɫi
accusation,ˌækjəˈzeɪʃən
accuse,əkˈjuz
achieve,əˈtʃiv
achievement,əˈtʃivmənt
acid,ˈæsəd
acknowledge,ækˈnɑɫɪdʒ
acquire,əˈkwaɪɝ
acquisition,ˌækwəˈzɪʃən
across,əˈkɹɔs
act,ˈækt
action,ˈækʃən
active,ˈæktɪv
actively,ˈæktɪvɫi
activist,ˈæktəvəst
activity,ækˈtɪvəti
actor,ˈæktɝ
actress,ˈæktɹəs
actual,ˈækʃəɫ
actually,ˈækˌtʃuəɫi
ad,ˈæd
adapt,əˈdæpt
add,ˈæd
added,ˈædəd
addition,əˈdɪʃən
additional,əˈdɪʃənəɫ
address,ˈæˌdɹɛs
adequate,ˈædəˌkweɪt
adjust,əˈdʒəst
adjustment,əˈdʒəstmənt
administer,ədˈmɪnəstɝ
administration,ædˌmɪnɪˈstɹeɪʃən
administrative,ədˈmɪnəˌstɹeɪtɪv
administrator,ədˈmɪnəˌstɹeɪtɝ
admire,ædˈmaɪɹ
admission,ædˈmɪʃən
admit,ədˈmɪt
adolescent,ˌædəˈɫɛsənt
adopt,əˈdɑpt
adoption,əˈdɑpʃən
adult,ˈædəɫt
advance,ədˈvæns
advanced,ədˈvænst
advantage,ædˈvæntɪdʒ
adventure,ædˈvɛntʃɝ
advertising,ˈædvɝˌtaɪzɪŋ
advice,ædˈvaɪs
advise,ædˈvaɪz
adviser,ædˈvaɪzɝ
advocate,ˈædvəˌkeɪt
aesthetic,ɛsˈθɛtɪk
affair,əˈfɛɹ
affect,əˈfɛkt
afford,əˈfɔɹd
afraid,əˈfɹeɪd
after,ˈæftɝ
afternoon,ˌæftɝˈnun
afterward,ˈæftɝwɝd
again,əˈɡeɪn
against,əˈɡeɪnst
age,ˈeɪdʒ
agency,ˈeɪdʒənsi
agenda,əˈdʒɛndə
agent,ˈeɪdʒənt
aggression,əˈɡɹɛʃən
aggressive,əˈɡɹɛsɪv
ago,əˈɡoʊ
agree,əˈɡɹi
agreement,əˈɡɹimənt
agricultural,ˌæɡɹəˈkəɫtʃɝəɫ
agriculture,ˈæɡɹɪˌkəɫtʃɝ
ah,ˈɑ
ahead,əˈhɛd
aid,ˈeɪd
aide,ˈeɪd
aim,ˈeɪm
air,ˈɛɹ
aircraft,ˈɛɹˌkɹæft
airline,ˈɛɹˌɫaɪn
airplane,ˈɛɹˌpɫeɪn
airport,ˈɛɹˌpɔɹt
aisle,ˈaɪəɫ
alarm,əˈɫɑɹm
album,ˈæɫbəm
alcohol,ˈæɫkəˌhɑɫ
alien,ˈeɪɫiən
alike,əˈɫaɪk
alive,əˈɫaɪv
all,ˈɔɫ
allegation,ˌæɫəˈɡeɪʃən
alleged,əˈɫɛdʒd
allegedly,əˈɫɛdʒədɫi
alley,ˈæɫi
alliance,əˈɫaɪəns
allow,əˈɫaʊ
ally,ˈæɫaɪ
almost,ˈɔɫˌmoʊst
alone,əˈɫoʊn
along,əˈɫɔŋ
alongside,əˈɫɔŋˈsaɪd
already,ɔˈɹɛdi
also,ˈɔɫsoʊ
alter,ˈɔɫtɝ
alternative,ɔɫˈtɝnətɪv
although,ˌɔɫˈðoʊ
altogether,ˌɔɫtəˈɡɛðɝ
aluminum,əˈɫumənəm
always,ˈɔɫˌweɪz
amazing,əˈmeɪzɪŋ
ambassador,æmˈbæsədɝ
ambition,æmˈbɪʃən
ambitious,æmˈbɪʃəs
amendment,əˈmɛndmənt
amid,əˈmɪd
among,əˈməŋ
amount,əˈmaʊnt
analysis,əˈnæɫəsəs
analyst,ˈænəɫɪst
analyze,ˈænəˌɫaɪz
ancestor,ˈænˌsɛstɝ
ancient,ˈeɪnʃənt
and,ˈænd
angel,ˈeɪndʒəɫ
anger,ˈæŋɡɝ
angle,ˈæŋɡəɫ
angry,ˈæŋɡɹi
animal,ˈænəməɫ
ankle,ˈæŋkəɫ
anniversary,ˌænəˈvɝsɝi
announce,əˈnaʊns
announcement,əˈnaʊnsmənt
annual,ˈænjuəɫ
annually,ˈænjuəɫi
anonymous,əˈnɑnəməs
another,əˈnəðɝ
answer,ˈænsɝ
anticipate,ænˈtɪsəˌpeɪt
anxiety,æŋˈzaɪəti
anxious,ˈæŋkʃəs
any,ˈɛni
anybody,ˈɛnibədi
anymore,ˌɛniˈmɔɹ
anyone,ˈɛniˌwən
anything,ˈɛniˌθɪŋ
anyway,ˈɛniˌweɪ
anywhere,ˈɛniˌwɛɹ
apart,əˈpɑɹt
apartment,əˈpɑɹtmənt
apologize,əˈpɑɫəˌdʒaɪz
apparent,əˈpɛɹənt
apparently,əˈpɛɹəntɫi
appeal,əˈpiɫ
appear,əˈpɪɹ
appearance,əˈpɪɹəns
apple,ˈæpəɫ
application,ˌæpɫəˈkeɪʃən
apply,əˈpɫaɪ
appoint,əˈpɔɪnt
appointment,əˈpɔɪntmənt
appreciate,əˈpɹiʃiˌeɪt
appreciation,əˌpɹiʃiˈeɪʃən
approach,əˈpɹoʊtʃ
appropriate,əˈpɹoʊpɹiˌeɪt
approval,əˈpɹuvəɫ
approve,əˈpɹuv
approximately,əˈpɹɑksəmətɫi
architect,ˈɑɹkəˌtɛkt
architecture,ˈɑɹkəˌtɛktʃɝ
area,ˈɛɹiə
arena,ɝˈinə
argue,ˈɑɹɡju
argument,ˈɑɹɡjəmənt
arise,ɝˈaɪz
arm,ˈɑɹm
armed,ˈɑɹmd
army,ˈɑɹmi
around,ɝˈaʊn
arrange,ɝˈeɪndʒ
arrangement,ɝˈeɪndʒmənt
array,ɝˈeɪ
arrest,ɝˈɛst
arrival,ɝˈaɪvəɫ
arrive,ɝˈaɪv
arrow,ˈæɹoʊ
art,ˈɑɹt
article,ˈɑɹtəkəɫ
articulate,ɑɹˈtɪkjəˌɫeɪt
artifact,ˈɑɹtəˌfækt
artificial,ˌɑɹtəˈfɪʃəɫ
artist,ˈɑɹtəst
artistic,ɑɹˈtɪstɪk
as,ˈæz
ash,ˈæʃ
aside,əˈsaɪd
ask,ˈæsk
asleep,əˈsɫip
aspect,ˈæsˌpɛkt
ass,ˈæs
assault,əˈsɔɫt
assemble,əˈsɛmbəɫ
assembly,əˈsɛmbɫi
assert,əˈsɝt
assess,əˈsɛs
assessment,əˈsɛsmənt
asset,ˈæˌsɛt
assign,əˈsaɪn
assignment,əˈsaɪnmənt
assist,əˈsɪst
assistance,əˈsɪstəns
assistant,əˈsɪstənt
associate,əˈsoʊsiˌeɪt
associated,əˈsoʊsiˌeɪtɪd
association,əˌsoʊsiˈeɪʃən
assume,əˈsum
assumption,əˈsəmpʃən
assure,əˈʃʊɹ
astronomer,əˈstɹɑnəmɝ
athlete,ˈæθˌɫit
athletic,æθˈɫɛtɪk
atmosphere,ˈætməsˌfɪɹ
atop,əˈtɑp
attach,əˈtætʃ
attack,əˈtæk
attempt,əˈtɛmpt
attend,əˈtɛnd
attendance,əˈtɛndəns
attention,əˈtɛnʃən
attitude,ˈætəˌtud
attorney,əˈtɝni
attract,əˈtɹækt
attraction,əˈtɹækʃən
attractive,əˈtɹæktɪv
attribute,ˈætɹəbˌjut
auction,ˈɑkʃən
audience,ˈɑdiəns
aunt,ˈænt
author,ˈɔθɝ
authority,əˈθɔɹəti
authorize,ˈɔθɝˌaɪz
auto,ˈɔtoʊ
automatic,ˌɔtəˈmætɪk
automatically,ˌɔtəˈmætɪkɫi
automobile,ˈɔtəmoʊˌbiɫ
autonomy,əˈtɑnəmi
availability,əˌveɪɫəˈbɪɫəti
available,əˈveɪɫəbəɫ
average,ˈævɝɪdʒ
avoid,əˈvɔɪd
await,əˈweɪt
awake,əˈweɪk
award,əˈwɔɹd
aware,əˈwɛɹ
awareness,əˈwɛɹnəs
away,əˈweɪ
awful,ˈɑfəɫ
baby,ˈbeɪbi
back,ˈbæk
background,ˈbækˌɡɹaʊnd
backyard,ˈbækˌjɑɹd
bacteria,bækˈtɪɹiə
bad,ˈbæd
badly,ˈbædɫi
bag,ˈbæɡ
bake,ˈbeɪk
balance,ˈbæɫəns
balanced,ˈbæɫənst
ball,ˈbɔɫ
balloon,bəˈɫun
ballot,ˈbæɫət
ban,ˈbæn
banana,bəˈnænə
band,ˈbænd
bank,ˈbæŋk
banker,ˈbæŋkɝ
banking,ˈbæŋkɪŋ
bankruptcy,ˈbæŋkɹəpsi
bar,ˈbɑɹ
bare,ˈbɛɹ
barely,ˈbɛɹɫi
barn,ˈbɑɹn
barrel,ˈbæɹəɫ
barrier,ˈbæɹiɝ
base,ˈbeɪs
baseball,ˈbeɪsˈbɔɫ
basement,ˈbeɪsmənt
basic,ˈbeɪsɪk
basically,ˈbeɪsɪkɫi
basis,ˈbeɪsəs
basket,ˈbæskət
basketball,ˈbæskətˌbɔɫ
bat,ˈbæt
bath,ˈbæθ
bathroom,ˈbæˌθɹum
battery,ˈbætɝi
battle,ˈbætəɫ
bay,ˈbeɪ
beach,ˈbitʃ
beam,ˈbim
bean,ˈbin
bear,ˈbɛɹ
beard,ˈbɪɹd
beast,ˈbist
beat,ˈbit
beautiful,ˈbjutəfəɫ
beauty,ˈbjuti
because,bɪˈkɑz
become,bɪˈkəm
bed,ˈbɛd
bedroom,ˈbɛˌdɹum
bee,ˈbi
beef,ˈbif
beer,ˈbɪɹ
before,ˌbiˈfɔɹ
beg,ˈbɛɡ
begin,bɪˈɡɪn
beginning,bɪˈɡɪnɪŋ
behalf,bɪˈhæf
behave,bɪˈheɪv
behavior,bɪˈheɪvjɝ
behavioral,biˈheɪvjɝəɫ
behind,bɪˈhaɪnd
being,ˈbiɪŋ
belief,bɪˈɫif
believe,bɪˈɫiv
bell,ˈbɛɫ
belly,ˈbɛɫi
belong,bɪˈɫɔŋ
below,biˈɫoʊ
belt,ˈbɛɫt
bench,ˈbɛntʃ
bend,ˈbɛnd
beneath,bɪˈniθ
benefit,ˈbɛnəfɪt
beside,ˌbiˈsaɪd
besides,ˌbiˈsaɪdz
best,ˈbɛst
bet,ˈbɛt
better,ˈbɛtɝ
between,bitˈwin
beyond,ˌbiˈɔnd
bias,ˈbaɪəs
bicycle,ˈbaɪsɪkəɫ
bid,ˈbɪd
big,ˈbɪɡ
bike,ˈbaɪk
bill,ˈbɪɫ
billion,ˈbɪɫjən
bind,ˈbaɪnd
biography,baɪˈɑɡɹəfi
biological,ˌbaɪəˈɫɑdʒɪkəɫ
biology,baɪˈɑɫədʒi
bird,ˈbɝd
birth,ˈbɝθ
birthday,ˈbɝθˌdeɪ
bishop,ˈbɪʃəp
bit,ˈbɪt
bite,ˈbaɪt
bitter,ˈbɪtɝ
black,ˈbɫæk
blade,ˈbɫeɪd
blame,ˈbɫeɪm
blank,ˈbɫæŋk
blanket,ˈbɫæŋkət
blast,ˈbɫæst
blend,ˈbɫɛnd
bless,ˈbɫɛs
blessing,ˈbɫɛsɪŋ
blind,ˈbɫaɪnd
blink,ˈbɫɪŋk
block,ˈbɫɑk
blond,ˈbɫɑnd
blood,ˈbɫəd
bloody,ˈbɫədi
blow,ˈbɫoʊ
blue,ˈbɫu
board,ˈbɔɹd
boast,ˈboʊst
boat,ˈboʊt
body,ˈbɑdi
boil,ˈbɔɪɫ
bold,ˈboʊɫd
bolt,ˈboʊɫt
bomb,ˈbɑm
bombing,ˈbɑmɪŋ
bond,ˈbɑnd
bone,ˈboʊn
bonus,ˈboʊnəs
book,ˈbʊk
boom,ˈbum
boost,ˈbust
boot,ˈbut
booth,ˈbuθ
border,ˈbɔɹdɝ
boring,ˈbɔɹɪŋ
born,ˈbɔɹn
borrow,ˈbɑˌɹoʊ
boss,ˈbɑs
both,ˈboʊθ
bother,ˈbɑðɝ
bottle,ˈbɑtəɫ
bottom,ˈbɑtəm
bounce,ˈbaʊns
boundary,ˈbaʊndɝi
bow,ˈbaʊ
bowl,ˈboʊɫ
box,ˈbɑks
boy,ˈbɔɪ
boyfriend,ˈbɔɪˌfɹɛnd
brain,ˈbɹeɪn
brake,ˈbɹeɪk
branch,ˈbɹæntʃ
brand,ˈbɹænd
brave,ˈbɹeɪv
bread,ˈbɹɛd
break,ˈbɹeɪk
breakfast,ˈbɹɛkfəst
breast,ˈbɹɛst
breath,ˈbɹɛθ
breathe,ˈbɹið
breathing,ˈbɹiðɪŋ
breeze,ˈbɹiz
brick,ˈbɹɪk
bride,ˈbɹaɪd
bridge,ˈbɹɪdʒ
brief,ˈbɹif
briefly,ˈbɹifɫi
bright,ˈbɹaɪt
brilliant,ˈbɹɪɫjənt
bring,ˈbɹɪŋ
broad,ˈbɹɔd
broadcast,ˈbɹɔdˌkæst
broken,ˈbɹoʊkən
broker,ˈbɹoʊkɝ
bronze,ˈbɹɑnz
brother,ˈbɹəðɝ
brown,ˈbɹaʊn
brush,ˈbɹəʃ
brutal,ˈbɹutəɫ
bubble,ˈbəbəɫ
buck,ˈbək
bucket,ˈbəkət
buddy,ˈbədi
budget,ˈbədʒɪt
bug,ˈbəɡ
build,ˈbɪɫd
builder,ˈbɪɫdɝ
building,ˈbɪɫdɪŋ
bulb,ˈbəɫb
bulk,ˈbəɫk
bull,ˈbʊɫ
bullet,ˈbʊɫət
bunch,ˈbəntʃ
burden,ˈbɝdən
bureau,ˈbjʊɹoʊ
burn,ˈbɝn
burning,ˈbɝnɪŋ
bury,ˈbɛɹi
bus,ˈbəs
bush,ˈbʊʃ
business,ˈbɪznəs
businessman,ˈbɪznəsˌmæn
busy,ˈbɪzi
but,ˈbət
butt,ˈbət
butter,ˈbətɝ
butterfly,ˈbətɝˌfɫaɪ
button,ˈbətən
buy,ˈbaɪ
buyer,ˈbaɪɝ
cab,ˈkæb
cabin,ˈkæbən
cabinet,ˈkæbənət
cable,ˈkeɪbəɫ
cage,ˈkeɪdʒ
cake,ˈkeɪk
calculate,ˈkæɫkjəˌɫeɪt
calculation,ˌkæɫkjəˈɫeɪʃən
calendar,ˈkæɫəndɝ
call,ˈkɔɫ
calm,ˈkɑɫm
camera,ˈkæmɝə
camp,ˈkæmp
campaign,kæmˈpeɪn
campus,ˈkæmpəs
can,ˈkæn
cancel,ˈkænsəɫ
cancer,ˈkænsɝ
candidate,ˈkændədeɪt
candle,ˈkændəɫ
candy,ˈkændi
canvas,ˈkænvəs
cap,ˈkæp
capability,ˌkeɪpəˈbɪɫəti
capable,ˈkeɪpəbəɫ
capacity,kəˈpæsəti
capital,ˈkæpətəɫ
captain,ˈkæptən
capture,ˈkæptʃɝ
car,ˈkɑɹ
carbohydrate,ˌkɑɹboʊˈhaɪˌdɹeɪt
carbon,ˈkɑɹbən
card,ˈkɑɹd
care,ˈkɛɹ
career,kɝˈɪɹ
careful,ˈkɛɹfəɫ
carefully,ˈkɛɹfəɫi
cargo,ˈkɑɹˌɡoʊ
carpet,ˈkɑɹpət
carrier,ˈkæɹiɝ
carrot,ˈkæɹət
carry,ˈkæɹi
cart,ˈkɑɹt
cartoon,kɑɹˈtun
carve,ˈkɑɹv
case,ˈkeɪs
cash,ˈkæʃ
casino,kəˈsinoʊ
cast,ˈkæst
casual,ˈkæʒəwəɫ
casualty,ˈkæʒəɫti
cat,ˈkæt
catalog,ˈkætəɫɔɡ
catch,ˈkætʃ
category,ˈkætəˌɡɔɹi
cattle,ˈkætəɫ
cause,ˈkɑz
cave,ˈkeɪv
cease,ˈsis
ceiling,ˈsiɫɪŋ
celebrate,ˈsɛɫəˌbɹeɪt
celebration,ˌsɛɫəˈbɹeɪʃən
celebrity,səˈɫɛbɹɪti
cell,ˈsɛɫ
cemetery,ˈsɛməˌtɛɹi
center,ˈsɛnɝ
central,ˈsɛntɹəɫ
century,ˈsɛntʃɝi
ceremony,ˈsɛɹəˌmoʊni
certain,ˈsɝtən
certainly,ˈsɝtənɫi
chain,ˈtʃeɪn
chair,ˈtʃɛɹ
chairman,ˈtʃɛɹmən
challenge,ˈtʃæɫəndʒ
chamber,ˈtʃeɪmbɝ
champion,ˈtʃæmpiən
championship,ˈtʃæmpiənˌʃɪp
chance,ˈtʃæns
change,ˈtʃeɪndʒ
changing,ˈtʃeɪndʒɪŋ
channel,ˈtʃænəɫ
chaos,ˈkeɪɑs
chapter,ˈtʃæptɝ
character,ˈkɛɹɪktɝ
characteristic,ˌkɛɹəktɝˈɪstɪk
characterize,ˈkɛɹəktɝˌaɪz
charge,ˈtʃɑɹdʒ
charity,ˈtʃɛɹɪti
charm,ˈtʃɑɹm
chart,ˈtʃɑɹt
charter,ˈtʃɑɹtɝ
chase,ˈtʃeɪs
cheap,ˈtʃip
cheat,ˈtʃit
check,ˈtʃɛk
cheek,ˈtʃik
cheer,ˈtʃɪɹ
cheese,ˈtʃiz
chef,ˈʃɛf
chemical,ˈkɛməkəɫ
chemistry,ˈkɛməstɹi
chest,ˈtʃɛst
chew,ˈtʃu
chicken,ˈtʃɪkən
chief,ˈtʃif
child,ˈtʃaɪɫd
childhood,ˈtʃaɪɫdˌhʊd
chill,ˈtʃɪɫ
chin,ˈtʃɪn
chip,ˈtʃɪp
chocolate,ˈtʃɔkɫət
choice,ˈtʃɔɪs
cholesterol,kəˈɫɛstɝˌɔɫ
choose,ˈtʃuz
chop,ˈtʃɑp
chronic,ˈkɹɑnɪk
chunk,ˈtʃəŋk
church,ˈtʃɝtʃ
cigarette,ˌsɪɡɝˈɛt
circle,ˈsɝkəɫ
circuit,ˈsɝkət
circumstance,ˈsɝkəmˌstæns
cite,ˈsaɪt
citizen,ˈsɪtəzən
citizenship,ˈsɪtɪzənˌʃɪp
city,ˈsɪti
civic,ˈsɪvɪk
civil,ˈsɪvəɫ
civilian,səˈvɪɫjən
civilization,ˌsɪvəɫɪˈzeɪʃən
claim,ˈkɫeɪm
class,ˈkɫæs
classic,ˈkɫæsɪk
classical,ˈkɫæsɪkəɫ
classify,ˈkɫæsəˌfaɪ
classroom,ˈkɫæsˌɹum
clay,ˈkɫeɪ
clean,ˈkɫin
clear,ˈkɫɪɹ
clearly,ˈkɫɪɹɫi
clerk,ˈkɫɝk
click,ˈkɫɪk
client,ˈkɫaɪənt
cliff,ˈkɫɪf
climate,ˈkɫaɪmət
climb,ˈkɫaɪm
cling,ˈkɫɪŋ
clinic,ˈkɫɪnɪk
clinical,ˈkɫɪnəkəɫ
clip,ˈkɫɪp
clock,ˈkɫɑk
close,ˈkɫoʊs
closed,ˈkɫoʊzd
closely,ˈkɫoʊsɫi
closer,ˈkɫoʊsɝ
closest,ˈkɫoʊsəst
closet,ˈkɫɑzət
cloth,ˈkɫɔθ
clothes,ˈkɫoʊðz
clothing,ˈkɫoʊðɪŋ
cloud,ˈkɫaʊd
club,ˈkɫəb
clue,ˈkɫu
cluster,ˈkɫəstɝ
coach,ˈkoʊtʃ
coal,ˈkoʊɫ
coalition,ˌkoʊəˈɫɪʃən
coast,ˈkoʊst
coastal,ˈkoʊstəɫ
coat,ˈkoʊt
cocaine,koʊˈkeɪn
code,ˈkoʊd
coffee,ˈkɑfi
cognitive,ˈkɑɡnɪtɪv
coin,ˈkɔɪn
cold,ˈkoʊɫd
collaboration,kəˌɫæbɝˈeɪʃən
collapse,kəˈɫæps
collar,ˈkɑɫɝ
colleague,ˈkɑɫiɡ
collect,kəˈɫɛkt
collection,kəˈɫɛkʃən
collective,kəˈɫɛktɪv
collector,kəˈɫɛktɝ
college,ˈkɑɫɪdʒ
colonial,kəˈɫoʊniəɫ
colony,ˈkɑɫəni
color,ˈkəɫɝ
colorful,ˈkəɫɝfəɫ
column,ˈkɑɫəm
columnist,ˈkɑɫəmnəst
combat,ˈkɑmbæt
combination,ˌkɑmbəˈneɪʃən
combine,ˈkɑmbaɪn
combined,kəmˈbaɪnd
come,ˈkəm
comedy,ˈkɑmədi
comfort,ˈkəmfɝt
comfortable,ˈkəmfɝtəbəɫ
coming,ˈkəmɪŋ
command,kəˈmænd
commander,kəˈmændɝ
comment,ˈkɑmɛnt
commercial,kəˈmɝʃəɫ
commission,kəˈmɪʃən
commissioner,kəˈmɪʃənɝ
commit,kəˈmɪt
commitment,kəˈmɪtmənt
committee,kəˈmɪti
commodity,kəˈmɑdəti
common,ˈkɑmən
commonly,ˈkɑmənɫi
communicate,kəmˈjunəˌkeɪt
communication,kəmˌjunəˈkeɪʃən
community,kəmˈjunəti
companion,kəmˈpænjən
company,ˈkəmpəˌni
comparable,ˈkɑmpɝəbəɫ
compare,kəmˈpɛɹ
comparison,kəmˈpɛɹəsən
compel,kəmˈpɛɫ
compelling,kəmˈpɛɫɪŋ
compensation,ˌkɑmpənˈseɪʃən
compete,kəmˈpit
competition,ˌkɑmpəˈtɪʃən
competitive,kəmˈpɛtətɪv
competitor,kəmˈpɛtətɝ
complain,kəmˈpɫeɪn
complaint,kəmˈpɫeɪnt
complete,kəmˈpɫit
completely,kəmˈpɫitɫi
complex,ˈkɑmpɫɛks
complexity,kəmˈpɫɛksəti
compliance,kəmˈpɫaɪəns
complicated,ˈkɑmpɫəˌkeɪtəd
comply,kəmˈpɫaɪ
component,kəmˈpoʊnənt
compose,kəmˈpoʊz
composition,ˌkɑmpəˈzɪʃən
compound,ˈkɑmpaʊnd
comprehensive,ˌkɑmpɹiˈhɛnsɪv
comprise,kəmˈpɹaɪz
compromise,ˈkɑmpɹəˌmaɪz
computer,kəmˈpjutɝ
concede,kənˈsid
conceive,kənˈsiv
concentrate,ˈkɑnsənˌtɹeɪt
concentration,ˌkɑnsənˈtɹeɪʃən
concept,ˈkɑnsɛpt
conception,kənˈsɛpʃən
concern,kənˈsɝn
concerned,kənˈsɝnd
concerning,kənˈsɝnɪŋ
concert,ˈkɑnsɝt
conclude,kənˈkɫud
conclusion,kənˈkɫuʒən
concrete,ˈkɑnkɹit
condemn,kənˈdɛm
condition,kənˈdɪʃən
conduct,ˈkɑndəkt
conference,ˈkɑnfɝəns
confess,kənˈfɛs
confession,kənˈfɛʃən
confidence,ˈkɑnfədəns
confident,ˈkɑnfədənt
confirm,kənˈfɝm
conflict,ˈkɑnfɫɪkt
confront,kənˈfɹənt
confrontation,ˌkɑnfɹənˈteɪʃən
confuse,kənˈfjuz
confusion,kənˈfjuʒən
congressional,kənˈɡɹɛʃənəɫ
connect,kəˈnɛkt
connection,kəˈnɛkʃən
conscience,ˈkɑnʃəns
conscious,ˈkɑnʃəs
consciousness,ˈkɑnʃəsnəs
consecutive,kənˈsɛkjətɪv
consensus,kənˈsɛnsəs
consent,kənˈsɛnt
consequence,ˈkɑnsəkwəns
consequently,ˈkɑnsəˌkwɛntɫi
conservation,ˌkɑnsɝˈveɪʃən
conservative,kənˈsɝvətɪv
consider,kənˈsɪdɝ
considerable,kənˈsɪdɝəbəɫ
considerably,kənˈsɪdɝəbɫi
consideration,kənˌsɪdɝˈeɪʃən
consist,kənˈsɪst
consistent,kənˈsɪstənt
consistently,kənˈsɪstəntɫi
conspiracy,kənˈspɪɹəsi
constant,ˈkɑnstənt
constantly,ˈkɑnstəntɫi
constitute,ˈkɑnstəˌtut
constitution,ˌkɑnstəˈtuʃən
constitutional,ˌkɑnstəˈtuʃənəɫ
constraint,kənˈstɹeɪnt
construct,ˈkɑnstɹəkt
construction,kənˈstɹəkʃən
consult,kənˈsəɫt
consultant,kənˈsəɫtənt
consume,kənˈsum
consumer,kənˈsumɝ
consumption,kənˈsəmpʃən
contact,ˈkɑnˌtækt
contain,kənˈteɪn
container,kənˈteɪnɝ
contemplate,ˈkɑntəmˌpɫeɪt
contemporary,kənˈtɛmpɝˌɛɹi
contend,kənˈtɛnd
content,ˈkɑntɛnt
contest,ˈkɑntɛst
context,ˈkɑntɛkst
continent,ˈkɑntənənt
continue,kənˈtɪnju
continued,kənˈtɪnjud
continuing,kənˈtɪnjuɪŋ
continuous,kənˈtɪnjuəs
contract,ˈkɑnˌtɹækt
contractor,ˈkɑnˌtɹæktɝ
contrast,ˈkɑntɹæst
contribute,kənˈtɹɪbjut
contribution,ˌkɑntɹəbˈjuʃən
contributor,kənˈtɹɪbjətɝ
control,kənˈtɹoʊɫ
controversial,ˌkɑntɹəˈvɝʃəɫ
controversy,ˈkɑntɹəˌvɝsi
convenience,kənˈvinjəns
convention,kənˈvɛnʃən
conventional,kənˈvɛnʃənəɫ
conversation,ˌkɑnvɝˈseɪʃən
conversion,kənˈvɝʒən
convert,ˈkɑnvɝt
convey,kənˈveɪ
convict,ˈkɑnvɪkt
conviction,kənˈvɪkʃən
convince,kənˈvɪns
convinced,kənˈvɪnst
cook,ˈkʊk
cookie,ˈkʊki
cooking,ˈkʊkɪŋ
cool,ˈkuɫ
cooperate,ˈkwɑpɝˌeɪt
cooperation,ˌkwɑpɝˈeɪʃən
cooperative,koʊˈɑpɝˌeɪtɪv
coordinate,koʊˈɔɹdəˌneɪt
coordinator,koʊˈɔɹdəˌneɪtɝ
cop,ˈkɑp
cope,ˈkoʊp
copy,ˈkɑpi
cord,ˈkɔɹd
core,ˈkɔɹ
corn,ˈkɔɹn
corner,ˈkɔɹnɝ
corporate,ˈkɔɹpɝət
corporation,ˌkɔɹpɝˈeɪʃən
correct,kɝˈɛkt
correctly,kɝˈɛktɫi
correlation,ˌkɔɹəˈɫeɪʃən
correspondent,ˌkɔɹəˈspɑndənt
corridor,ˈkɔɹədɝ
corruption,kɝˈəpʃən
cost,ˈkɑst
costly,ˈkɑstɫi
costume,ˈkɑstum
cottage,ˈkɑtədʒ
cotton,ˈkɑtən
couch,ˈkaʊtʃ
could,ˈkʊd
council,ˈkaʊnsəɫ
counsel,ˈkaʊnsəɫ
counseling,ˈkaʊnsəɫɪŋ
counselor,ˈkaʊnsəɫɝ
count,ˈkaʊnt
counter,ˈkaʊntɝ
counterpart,ˈkaʊntɝˌpɑɹt
country,ˈkəntɹi
county,ˈkaʊni
coup,ˈku
couple,ˈkəpəɫ
courage,ˈkɝədʒ
course,ˈkɔɹs
court,ˈkɔɹt
courtroom,ˈkɔɹˌtɹum
cousin,ˈkəzən
cover,ˈkəvɝ
coverage,ˈkəvɝədʒ
cow,ˈkaʊ
crack,ˈkɹæk
craft,ˈkɹæft
crash,ˈkɹæʃ
crawl,ˈkɹɔɫ
crazy,ˈkɹeɪzi
cream,ˈkɹim
create,kɹiˈeɪt
creation,kɹiˈeɪʃən
creative,kɹiˈeɪtɪv
creativity,ˌkɹieɪˈtɪvəti
creature,ˈkɹitʃɝ
credibility,ˌkɹɛdəˈbɪɫɪti
credit,ˈkɹɛdət
crew,ˈkɹu
crime,ˈkɹaɪm
criminal,ˈkɹɪmənəɫ
crisis,ˈkɹaɪsəs
criteria,kɹaɪˈtɪɹiə
critic,ˈkɹɪtɪk
critical,ˈkɹɪtɪkəɫ
criticism,ˈkɹɪtɪˌsɪzəm
criticize,ˈkɹɪtɪˌsaɪz
crop,ˈkɹɑp
cross,ˈkɹɔs
crowd,ˈkɹaʊd
crowded,ˈkɹaʊdəd
crucial,ˈkɹuʃəɫ
cruel,ˈkɹuəɫ
cruise,ˈkɹuz
crush,ˈkɹəʃ
cry,ˈkɹaɪ
crystal,ˈkɹɪstəɫ
cue,ˈkju
cultural,ˈkəɫtʃɝəɫ
culture,ˈkəɫtʃɝ
cup,ˈkəp
cure,ˈkjʊɹ
curiosity,ˌkjʊɹiˈɑsəti
curious,ˈkjʊɹiəs
currency,ˈkɝənsi
current,ˈkɑɹənt
currently,ˈkɝəntɫi
curriculum,kɝˈɪkjəɫəm
curtain,ˈkɝtən
curve,ˈkɝv
custody,ˈkəstədi
custom,ˈkəstəm
customer,ˈkəstəmɝ
cut,ˈkət
cute,ˈkjut
cycle,ˈsaɪkəɫ
dad,ˈdæd
daily,ˈdeɪɫi
dam,ˈdæm
damage,ˈdæmədʒ
damn,ˈdæm
dance,ˈdæns
dancer,ˈdænsɝ
dancing,ˈdænsɪŋ
danger,ˈdeɪndʒɝ
dangerous,ˈdeɪndʒɝəs
dare,ˈdɛɹ
dark,ˈdɑɹk
darkness,ˈdɑɹknəs
data,ˈdætə
database,ˈdætəˌbeɪs
date,ˈdeɪt
daughter,ˈdɔtɝ
dawn,ˈdɔn
day,ˈdeɪ
dead,ˈdɛd
deadline,ˈdɛdˌɫaɪn
deadly,ˈdɛdɫi
deal,ˈdiɫ
dealer,ˈdiɫɝ
dear,ˈdɪɹ
death,ˈdɛθ
debate,dəˈbeɪt
debris,dəˈbɹi
debt,ˈdɛt
debut,ˈdeɪbju
decade,ˈdɛkeɪd
decent,ˈdisənt
decide,ˌdɪˈsaɪd
decision,dɪˈsɪʒən
deck,ˈdɛk
declare,dɪˈkɫɛɹ
decline,dɪˈkɫaɪn
decorate,ˈdɛkɝˌeɪt
decrease,ˈdiˌkɹis
dedicate,ˈdɛdəˌkeɪt
deem,ˈdim
deep,ˈdip
deeply,ˈdipɫi
deer,ˈdɪɹ
defeat,dɪˈfit
defend,dɪˈfɛnd
defendant,dɪˈfɛndənt
defender,dɪˈfɛndɝ
defense,dɪˈfɛns
defensive,dɪˈfɛnsɪv
deficit,ˈdɛfəsət
define,dɪˈfaɪn
definitely,ˈdɛfənətɫi
definition,ˌdɛfəˈnɪʃən
degree,dɪˈɡɹi
delay,dɪˈɫeɪ
deliberately,dɪˈɫɪbɝətɫi
delicate,ˈdɛɫəkət
delight,dɪˈɫaɪt
deliver,dɪˈɫɪvɝ
delivery,dɪˈɫɪvɝi
demand,dɪˈmænd
democracy,dɪˈmɑkɹəsi
democratic,ˌdɛməˈkɹætɪk
demographic,ˌdɛməˈɡɹæfɪk
demonstrate,ˈdɛmənˌstɹeɪt
demonstration,ˌdɛmənˈstɹeɪʃən
denial,dɪˈnaɪəɫ
dense,ˈdɛns
density,ˈdɛnsəti
deny,dɪˈnaɪ
depart,dɪˈpɑɹt
department,dɪˈpɑɹtmənt
departure,dɪˈpɑɹtʃɝ
depend,dɪˈpɛnd
dependent,dɪˈpɛndənt
depending,dɪˈpɛndɪŋ
depict,dɪˈpɪkt
deploy,dɪˈpɫɔɪ
deposit,dəˈpɑzɪt
depressed,dɪˈpɹɛst
depression,dɪˈpɹɛʃən
depth,ˈdɛpθ
deputy,ˈdɛpjəti
derive,dɝˈaɪv
descend,dɪˈsɛnd
describe,dɪsˈkɹaɪb
description,dɪsˈkɹɪpʃən
desert,ˈdɛzɝt
deserve,dɪˈzɝv
design,dɪˈzaɪn
designer,dɪˈzaɪnɝ
desire,dɪˈzaɪɝ
desk,ˈdɛsk
desperate,ˈdɛspɝɪt
desperately,ˈdɛspɝətɫi
despite,dɪˈspaɪt
dessert,dɪˈzɝt
destination,ˌdɛstəˈneɪʃən
destroy,dɪˈstɹɔɪ
destruction,dɪˈstɹəkʃən
detail,ˈditeɪɫ
detailed,dɪˈteɪɫd
detect,dɪˈtɛkt
detective,dɪˈtɛktɪv
determination,dɪˌtɝməˈneɪʃən
determine,dəˈtɝmən
devastating,ˈdɛvəˌsteɪtɪŋ
develop,dɪˈvɛɫəp
developer,dɪˈvɛɫəpɝ
developing,dɪˈvɛɫəpɪŋ
development,dɪˈvɛɫəpmənt
developmental,dɪˌvɛɫəpˈmɛnəɫ
device,dɪˈvaɪs
devil,ˈdɛvəɫ
devote,dɪˈvoʊt
diabetes,ˌdaɪəˈbitiz
diagnose,ˌdaɪəɡˈnoʊs
diagnosis,ˌdaɪəɡˈnoʊsəs
dialogue,ˈdaɪəˌɫɔɡ
diamond,ˈdaɪmənd
diary,ˈdaɪɝi
dictate,ˈdɪkˌteɪt
die,ˈdaɪ
diet,ˈdaɪət
differ,ˈdɪfɝ
difference,ˈdɪfɝəns
different,ˈdɪfɝənt
differently,ˈdɪfɝˈɛntɫi
difficult,ˈdɪfəkəɫt
difficulty,ˈdɪfəkəɫti
dig,ˈdɪɡ
digital,ˈdɪdʒətəɫ
dignity,ˈdɪɡnəti
dilemma,dɪˈɫɛmə
dimension,dɪˈmɛnʃən
diminish,dɪˈmɪnɪʃ
dining,ˈdaɪnɪŋ
dinner,ˈdɪnɝ
dip,ˈdɪp
diplomat,ˈdɪpɫəˌmæt
diplomatic,ˌdɪpɫəˈmætɪk
direct,daɪˈɹɛkt
direction,daɪˈɹɛkʃɪn
directly,daɪˈɹɛkɫi
director,daɪˈɹɛktɝ
dirt,ˈdɝt
dirty,ˈdɝti
disability,ˌdɪsəˈbɪɫɪti
disabled,dɪˈseɪbəɫd
disagree,dɪsəˈɡɹi
disappear,ˌdɪsəˈpiɹ
disappointed,ˌdɪsəˈpɔɪnɪd
disappointment,ˌdɪsəˈpɔɪntmənt
disaster,dɪˈzæstɝ
disc,ˈdɪsk
discipline,ˈdɪsəpɫən
disclose,dɪˈskɫoʊz
discount,ˈdɪskaʊnt
discourage,dɪˈskɝɪdʒ
discourse,ˈdɪskɔɹs
discover,dɪˈskəvɝ
discovery,ˌdɪsˈkəvɹi
discrimination,dɪsˌkɹɪməˈneɪʃən
discuss,dɪˈskəs
discussion,dɪˈskəʃən
disease,dɪˈziz
dish,ˈdɪʃ
disk,ˈdɪsk
dismiss,dɪsˈmɪs
disorder,dɪˈsɔɹdɝ
display,dɪsˈpɫeɪ
dispute,dɪˈspjut
dissolve,dɪˈzɑɫv
distance,ˈdɪstəns
distant,ˈdɪstənt
distinct,dɪˈstɪŋkt
distinction,dɪˈstɪŋkʃən
distinctive,dɪˈstɪŋktɪv
distinguish,dɪˈstɪŋɡwɪʃ
distract,dɪˈstɹækt
distribute,dɪˈstɹɪbjut
distribution,ˌdɪstɹəbˈjuʃən
district,ˈdɪstɹɪkt
disturb,dɪˈstɝb
disturbing,dɪˈstɝbɪŋ
diverse,daɪˈvɝs
diversity,daɪˈvɝsɪti
divide,dɪˈvaɪd
divine,dɪˈvaɪn
division,dɪˈvɪʒən
divorce,dɪˈvɔɹs
dock,ˈdɑk
doctor,ˈdɑktɝ
doctrine,ˈdɑktɹən
document,ˈdɑkjəmɛnt
documentary,ˌdɑkjəˈmɛnɝi
dog,ˈdɔɡ
doll,ˈdɑɫ
domain,doʊˈmeɪn
domestic,dəˈmɛstɪk
dominant,ˈdɑmənənt
dominate,ˈdɑməˌneɪt
donate,ˈdoʊˌneɪt
donation,doʊˈneɪʃən
donor,ˈdoʊnɝ
door,ˈdɔɹ
doorway,ˈdɔɹˌweɪ
dose,ˈdoʊs
dot,ˈdɑt
double,ˈdəbəɫ
doubt,ˈdaʊt
dough,ˈdoʊ
down,ˈdaʊn
downtown,ˈdaʊnˈtaʊn
dozen,ˈdəzən
draft,ˈdɹæft
drag,ˈdɹæɡ
drain,ˈdɹeɪn
drama,ˈdɹɑmə
dramatic,dɹəˈmætɪk
dramatically,dɹəˈmætɪkəɫi
draw,ˈdɹɔ
drawer,ˈdɹɔɹ
drawing,ˈdɹɔɪŋ
dream,ˈdɹim
dress,ˈdɹɛs
dried,ˈdɹaɪd
drift,ˈdɹɪft
drill,ˈdɹɪɫ
drink,ˈdɹɪŋk
drinking,ˈdɹɪŋkɪŋ
drive,ˈdɹaɪv
driver,ˈdɹaɪvɝ
driveway,ˈdɹaɪvˌweɪ
driving,ˈdɹaɪvɪŋ
drop,ˈdɹɑp
drown,ˈdɹaʊn
drug,ˈdɹəɡ
drum,ˈdɹəm
drunk,ˈdɹəŋk
dry,ˈdɹaɪ
duck,ˈdək
due,ˈdju
dumb,ˈdəm
dump,ˈdəmp
during,ˈdɝɪŋ
dust,ˈdəst
duty,ˈdjuti
dying,ˈdaɪɪŋ
dynamic,daɪˈnæmɪk
dynamics,daɪˈnæmɪks
e-mail,ˈiˌmeɪɫ
each,ˈitʃ
eager,ˈiɡɝ
ear,ˈiɹ
early,ˈɝɫi
earn,ˈɝn
earnings,ˈɝnɪŋz
earth,ˈɝθ
earthquake,ˈɝθˌkweɪk
ease,ˈiz
easily,ˈizəɫi
east,ˈist
eastern,ˈistɝn
easy,ˈizi
eat,ˈit
eating,ˈitɪŋ
echo,ˈɛkoʊ
ecological,ɛkəˈɫɑdʒɪkəɫ
economic,ˌɛkəˈnɑmɪk
economically,ˌɛkəˈnɑmɪkɫi
economics,ˌɛkəˈnɑmɪks
economist,iˈkɑnəmɪst
economy,iˈkɑnəmi
ecosystem,ˈikoʊˌsɪstəm
edge,ˈɛdʒ
edit,ˈɛdət
edition,əˈdɪʃən
editor,ˈɛdətɝ
educate,ˈɛdʒəˌkeɪt
education,ˌɛdʒəˈkeɪʃən
educational,ˌɛdʒəˈkeɪʃənəɫ
educator,ˈɛdʒəˌkeɪtɝ
effect,ˈifɛkt
effective,ˈifɛktɪv
effectively,ˈifɛktɪvɫi
effectiveness,ˈifɛktɪvnəs
efficiency,ɪˈfɪʃənsi
efficient,ɪˈfɪʃənt
effort,ˈɛfɝt
egg,ˈɛɡ
ego,ˈiɡoʊ
eight,ˈeɪt
eighth,ˈeɪtθ
either,ˈaɪðɝ
elaborate,ɪˈɫæbɝˌeɪt
elbow,ˈɛɫˌboʊ
elder,ˈɛɫdɝ
elderly,ˈɛɫdɝɫi
elect,ɪˈɫɛkt
election,ɪˈɫɛkʃən
electric,ɪˈɫɛktɹɪk
electrical,ɪˈɫɛktɹɪkəɫ
electricity,ɪˌɫɛkˈtɹɪsəti
electronic,ˌɪˌɫɛkˈtɹɑnɪk
electronics,ˌɪˌɫɛkˈtɹɑnɪks
elegant,ˈɛɫəɡənt
element,ˈɛɫəmənt
elementary,ˌɛɫəˈmɛntɝɹi
elephant,ˈɛɫəfənt
elevator,ˈɛɫəˌveɪtɝ
eleven,ˈiɫɛvən
eligible,ˈɛɫədʒəbəɫ
eliminate,ɪˈɫɪməˌneɪt
elite,eɪˈɫit
else,ˈɛɫs
elsewhere,ˈɛɫˌswɛɹ
embarrassed,ɪmˈbɛɹəst
embrace,ɛmˈbɹeɪs
emerge,ˈimɝdʒ
emergency,ˈimɝdʒənsi
emerging,ˈimɝdʒɪŋ
emission,ɪˈmɪʃən
emotion,ˈiˌmoʊʃən
emotional,ˈiˌmoʊʃənəɫ
emotionally,ˈiˌmoʊʃnəɫi
emphasis,ˈɛmfəsəs
emphasize,ˈɛmfəˌsaɪz
empire,ˈɛmpaɪɝ
employ,ɛmˈpɫɔɪ
employee,ɛmˈpɫɔɪi
employer,ɛmˈpɫɔɪɝ
employment,ɛmˈpɫɔɪmənt
empty,ˈɛmpti
enable,ɛˈneɪbəɫ
enact,ɪˈnækt
encounter,ɪnˈkaʊnɝ
encourage,ɛnˈkɝɪdʒ
encouraging,ɛnˈkɝɪdʒɪŋ
end,ˈɛnd
endless,ˈɛndɫəs
endorse,ɛnˈdɔɹs
endure,ɛnˈdjʊɹ
enemy,ˈɛnəmi
energy,ˈɛnɝdʒi
enforce,ɛnˈfɔɹs
enforcement,ɛnˈfɔɹsmənt
engage,ɛnˈɡeɪdʒ
engagement,ɛnˈɡeɪdʒmənt
engine,ˈɛndʒən
engineer,ˈɛndʒəˈnɪɹ
engineering,ˈɛndʒəˈnɪɹɪŋ
enhance,ɛnˈhæns
enjoy,ˌɛnˈdʒɔɪ
enormous,iˈnɔɹməs
enough,iˈnəf
enroll,ɛnˈɹoʊɫ
ensure,ɛnˈʃʊɹ
enter,ˈɛnɝ
enterprise,ˈɛnɝˌpɹaɪz
entertainment,ˌɛnɝˈteɪnmənt
enthusiasm,ɪnˈθuziˌæzəm
entire,ɪnˈtaɪɝ
entirely,ɪnˈtaɪɝɫi
entitle,ɛnˈtaɪtəɫ
entity,ˈɛntəti
entrance,ˈɛntɹəns
entrepreneur,ˌɑntɹəpɹəˈnɝ
entry,ˈɛntɹi
envelope,ˈɛnvəˌɫoʊp
environment,ɪnˈvaɪɹənmənt
environmental,ɪnˌvaɪɹənˈmɛnəɫ
envision,ɛnˈvɪʒən
epidemic,ˌɛpəˈdɛmɪk
episode,ˈɛpəˌsoʊd
equal,ˈikwəɫ
equality,ɪˈkwɑɫəti
equally,ˈikwəɫi
equation,ɪˈkweɪʒən
equip,ɪˈkwɪp
equipment,ɪˈkwɪpmənt
equity,ˈɛkwəti
equivalent,ɪˈkwɪvəɫənt
era,ˈɛɹə
error,ˈɛɹɝ
escape,ɪˈskeɪp
especially,əˈspɛʃəɫi
essay,ˈɛˌseɪ
essence,ˈɛsəns
essential,ɛˈsɛnʃəɫ
essentially,ɛˈsɛnʃəɫi
establish,ɪˈstæbɫɪʃ
establishment,ɪˈstæbɫɪʃmənt
estate,ɪˈsteɪt
estimate,ˈɛstəˌmeɪt
estimated,ˈɛstəˌmeɪtəd
etc,ˌɛtˈsɛtɝə
ethical,ˈɛθɪkəɫ
ethics,ˈɛθɪks
ethnic,ˈɛθnɪk
evaluate,iˈvæɫjuˌeɪt
evaluation,iˌvæɫjuˈeɪʃən
even,ˈivɪn
evening,ˈivnɪŋ
event,iˈvɛnt
eventually,iˈvɛnʃəɫi
ever,ˈɛvɝ
every,ˈɛvɝi
everybody,ˈɛvɹiˌbɑdi
everyday,ˈɛvɹiˈdeɪ
everyone,ˈɛvɹiˌwən
everything,ˈɛvɹiˌθɪŋ
everywhere,ˈɛvɹiˌwɛɹ
evidence,ˈɛvədəns
evident,ˈɛvədənt
evil,ˈivəɫ
evolution,ˌɛvəˈɫuʃən
evolve,iˈvɑɫv
exact,ɪɡˈzækt
exactly,ɪɡˈzæktɫi
exam,ɪɡˈzæm
examination,ɪɡˌzæməˈneɪʃən
examine,ɪɡˈzæmɪn
example,ɪɡˈzæmpəɫ
exceed,ɪkˈsid
excellent,ˈɛksəɫənt
except,ɪkˈsɛpt
exception,ɪkˈsɛpʃən
excessive,ɪkˈsɛsɪv
exchange,ɪksˈtʃeɪndʒ
excited,ɪkˈsaɪtəd
excitement,ɪkˈsaɪtmənt
exciting,ɪkˈsaɪtɪŋ
exclude,ɪkˈskɫud
exclusive,ɪkˈskɫusɪv
exclusively,ɪkˈskɫusɪvɫi
excuse,ɪkˈskjus
execute,ˈɛksəkˌjut
execution,ˌɛksəkˈjuʃən
executive,ɪɡˈzɛkjətɪv
exercise,ˈɛksɝˌsaɪz
exhaust,ɪɡˈzɔst
exhibit,ɪɡˈzɪbɪt
exhibition,ˌɛksəˈbɪʃən
exist,ɪɡˈzɪst
existence,ɛɡˈzɪstəns
existing,ɪɡˈzɪstɪŋ
exit,ˈɛɡzɪt
exotic,ɪɡˈzɑtɪk
expand,ɪkˈspænd
expansion,ɪkˈspænʃən
expect,ɪkˈspɛkt
expectation,ˌɛkspɛkˈteɪʃən
expected,ɪkˈspɛktəd
expedition,ˌɛkspəˈdɪʃən
expense,ɪkˈspɛns
expensive,ɪkˈspɛnsɪv
experience,ɪkˈspɪɹiəns
experienced,ɪkˈspɪɹiənst
experiment,ɪkˈspɛɹəmənt
experimental,ɪkˌspɛɹɪˈmɛntəɫ
expert,ˈɛkspɝt
expertise,ˌɛkspɝˈtiz
explain,ɪksˈpɫeɪn
explanation,ˌɛkspɫəˈneɪʃən
explicit,ɪksˈpɫɪsət
explode,ɪksˈpɫoʊd
exploit,ˈɛksˌpɫɔɪt
exploration,ˌɛkspɫɝˈeɪʃən
explore,ɪksˈpɫɔɹ
explosion,ɪksˈpɫoʊʒən
export,ˈɛkspɔɹt
expose,ɪkˈspoʊz
exposure,ɪkˈspoʊʒɝ
express,ɪksˈpɹɛs
expression,ɪksˈpɹɛʃən
extend,ɪkˈstɛnd
extended,ɪkˈstɛndəd
extension,ɪkˈstɛnʃən
extensive,ɪkˈstɛnsɪv
extent,ɪkˈstɛnt
external,ɪkˈstɝnəɫ
extra,ˈɛkstɹə
extraordinary,ˌɛkstɹəˈɔɹdəˌnɛɹi
extreme,ɛkˈstɹim
extremely,ɛkˈstɹimɫi
eye,ˈaɪ
eyebrow,ˈaɪˌbɹaʊ
fabric,ˈfæbɹɪk
face,ˈfeɪs
facilitate,fəˈsɪɫəˌteɪt
facility,fəˈsɪɫɪti
fact,ˈfækt
factor,ˈfæktɝ
factory,ˈfæktɝi
faculty,ˈfækəɫti
fade,ˈfeɪd
fail,ˈfeɪɫ
failure,ˈfeɪɫjɝ
faint,ˈfeɪnt
fair,ˈfɛɹ
fairly,ˈfɛɹɫi
faith,ˈfeɪθ
fall,ˈfɑɫ
fame,ˈfeɪm
familiar,fəˈmɪɫjɝ
family,ˈfæməɫi
famous,ˈfeɪməs
fan,ˈfæn
fantastic,fænˈtæstɪk
fantasy,ˈfænəsi
far,ˈfɑɹ
fare,ˈfɛɹ
farm,ˈfɑɹm
farmer,ˈfɑɹmɝ
fascinating,ˈfæsəˌneɪtɪŋ
fashion,ˈfæʃən
fast,ˈfæst
faster,ˈfæstɝ
fat,ˈfæt
fatal,ˈfeɪtəɫ
fate,ˈfeɪt
father,ˈfɑðɝ
fatigue,fəˈtiɡ
fault,ˈfɔɫt
favor,ˈfeɪvɝ
favorable,ˈfeɪvɝəbəɫ
favorite,ˈfeɪvɝɪt
fear,ˈfɪɹ
feather,ˈfɛðɝ
feature,ˈfitʃɝ
federal,ˈfɛdɝəɫ
fee,ˈfi
feed,ˈfid
feedback,ˈfidˌbæk
feel,ˈfiɫ
feeling,ˈfiɫɪŋ
fellow,ˈfɛɫoʊ
female,ˈfiˌmeɪɫ
feminist,ˈfɛmənɪst
fence,ˈfɛns
festival,ˈfɛstəvəɫ
fever,ˈfivɝ
few,ˈfju
fewer,ˈfjuɝ
fiber,ˈfaɪbɝ
fiction,ˈfɪkʃən
field,ˈfiɫd
fierce,ˈfɪɹs
fifteen,ˈfɪfˈtin
fifth,ˈfɪfθ
fifty,ˈfɪfti
fight,ˈfaɪt
fighter,ˈfaɪtɝ
fighting,ˈfaɪtɪŋ
figure,ˈfɪɡjɝ
file,ˈfaɪɫ
fill,ˈfɪɫ
film,ˈfɪɫm
filter,ˈfɪɫtɝ
final,ˈfaɪnəɫ
finally,ˈfaɪnəɫi
finance,ˈfaɪˌnæns
financial,ˌfaɪˈnænʃəɫ
find,ˈfaɪnd
finding,ˈfaɪndɪŋ
fine,ˈfaɪn
finger,ˈfɪŋɡɝ
finish,ˈfɪnɪʃ
fire,ˈfaɪɝ
firm,ˈfɝm
firmly,ˈfɝmɫi
first,ˈfɝst
fiscal,ˈfɪskəɫ
fish,ˈfɪʃ
fisherman,ˈfɪʃɝˌmæn
fishing,ˈfɪʃɪŋ
fist,ˈfɪst
fit,ˈfɪt
fitness,ˈfɪtnəs
five,ˈfaɪv
fix,ˈfɪks
fixed,ˈfɪkst
flag,ˈfɫæɡ
flame,ˈfɫeɪm
flash,ˈfɫæʃ
flat,ˈfɫæt
flavor,ˈfɫeɪvɝ
flee,ˈfɫi
fleet,ˈfɫit
flesh,ˈfɫɛʃ
flexibility,ˌfɫɛksəˈbɪɫəti
flexible,ˈfɫɛksəbəɫ
flight,ˈfɫaɪt
flip,ˈfɫɪp
float,ˈfɫoʊt
flood,ˈfɫəd
floor,ˈfɫɔɹ
flour,ˈfɫaʊɝ
flow,ˈfɫoʊ
flower,ˈfɫaʊɝ
fluid,ˈfɫuəd
fly,ˈfɫaɪ
flying,ˈfɫaɪɪŋ
focus,ˈfoʊkəs
fog,ˈfɑɡ
fold,ˈfoʊɫd
folk,ˈfoʊk
follow,ˈfɑɫoʊ
following,ˈfɑɫoʊɪŋ
food,ˈfud
fool,ˈfuɫ
foot,ˈfʊt
football,ˈfʊtˌbɔɫ
for,ˈfɔɹ
forbid,fɝˈbɪd
force,ˈfɔɹs
forehead,ˈfɔɹhɛd
foreign,ˈfɑɹən
foreigner,ˈfɑɹənɝ
forest,ˈfɔɹəst
forever,fɝˈɛvɝ
forget,fɝˈɡɛt
forgive,fɝˈɡɪv
fork,ˈfɔɹk
form,ˈfɔɹm
formal,ˈfɔɹməɫ
format,ˈfɔɹˌmæt
formation,fɔɹˈmeɪʃən
former,ˈfɔɹmɝ
formerly,ˈfɔɹmɝɫi
formula,ˈfɔɹmjəɫə
forth,ˈfɔɹθ
fortunately,ˈfɔɹtʃənətɫi
fortune,ˈfɔɹtʃən
forty,ˈfɔɹti
forum,ˈfɔɹəm
forward,ˈfɔɹwɝd
foster,ˈfɑstɝ
found,ˈfaʊnd
foundation,faʊnˈdeɪʃən
founder,ˈfaʊndɝ
four,ˈfɔɹ
fourth,ˈfɔɹθ
fraction,ˈfɹækʃən
fragile,ˈfɹædʒəɫ
fragment,ˈfɹæɡmənt
frame,ˈfɹeɪm
framework,ˈfɹeɪmˌwɝk
franchise,ˈfɹænˌtʃaɪz
frankly,ˈfɹæŋkɫi
fraud,ˈfɹɔd
free,ˈfɹi
freedom,ˈfɹidəm
freely,ˈfɹiɫi
freeze,ˈfɹiz
frequency,ˈfɹikwənsi
frequent,ˈfɹiˌkwɛnt
frequently,ˈfɹikwəntɫi
fresh,ˈfɹɛʃ
freshman,ˈfɹɛʃmən
friend,ˈfɹɛnd
friendly,ˈfɹɛndɫi
friendship,ˈfɹɛndʃɪp
from,ˈfɹəm
front,ˈfɹənt
frontier,fɹənˈtɪɹ
frown,ˈfɹaʊn
frozen,ˈfɹoʊzən
fruit,ˈfɹut
frustrate,ˈfɹəsˌtɹeɪt
frustration,fɹəˈstɹeɪʃən
fucking,ˈfəkɪŋ
fuel,ˈfjuəɫ
full,ˈfʊɫ
full-time,ˈfʊɫˌtaɪm
fully,ˈfʊɫi
fun,ˈfən
function,ˈfəŋkʃən
functional,ˈfəŋkʃənəɫ
fund,ˈfənd
fundamental,ˌfəndəˈmɛnəɫ
funding,ˈfəndɪŋ
funeral,ˈfjunɝəɫ
funny,ˈfəni
fur,ˈfɝ
furniture,ˈfɝnɪtʃɝ
furthermore,ˈfɝðɝˌmɔɹ
future,ˈfjutʃɝ
gain,ˈɡeɪn
galaxy,ˈɡæɫəksi
gallery,ˈɡæɫɝi
game,ˈɡeɪm
gang,ˈɡæŋ
gap,ˈɡæp
garage,ɡɝˈɑʒ
garbage,ˈɡɑɹbɪdʒ
garden,ˈɡɑɹdən
garlic,ˈɡɑɹɫɪk
gas,ˈɡæs
gasoline,ˈɡæsəˌɫin
gate,ˈɡeɪt
gather,ˈɡæðɝ
gathering,ˈɡæðɝɪŋ
gay,ˈɡeɪ
gaze,ˈɡeɪz
gear,ˈɡɪɹ
gender,ˈdʒɛndɝ
gene,ˈdʒin
general,ˈdʒɛnɝəɫ
generally,ˈdʒɛnɝəɫi
generate,ˈdʒɛnɝˌeɪt
generation,ˌdʒɛnɝˈeɪʃən
generous,ˈdʒɛnɝəs
genetic,dʒəˈnɛtɪk
genius,ˈdʒinjəs
genre,ˈʒɑnɹə
gentle,ˈdʒɛnəɫ
gentleman,ˈdʒɛnəɫmən
gently,ˈdʒɛntɫi
genuine,ˈdʒɛnˈjuˌwaɪn
gesture,ˈdʒɛstʃɝ
get,ˈɡɛt
ghost,ˈɡoʊst
giant,ˈdʒaɪənt
gift,ˈɡɪft
gifted,ˈɡɪftəd
girl,ˈɡɝɫ
girlfriend,ˈɡɝɫˌfɹɛnd
give,ˈɡɪv
given,ˈɡɪvən
glad,ˈɡɫæd
glance,ˈɡɫæns
glass,ˈɡɫæs
glimpse,ˈɡɫɪmps
global,ˈɡɫoʊbəɫ
globe,ˈɡɫoʊb
glory,ˈɡɫɔɹi
glove,ˈɡɫəv
goal,ˈɡoʊɫ
goat,ˈɡoʊt
gold,ˈɡoʊɫd
golden,ˈɡoʊɫdən
golf,ˈɡɑɫf
good,ˈɡʊd
govern,ˈɡəvɝn
government,ˈɡəvɝmənt
governor,ˈɡəvɝnɝ
grab,ˈɡɹæb
grace,ˈɡɹeɪs
grade,ˈɡɹeɪd
gradually,ˈɡɹædʒuəɫi
graduate,ˈɡɹædʒəˌweɪt
graduation,ˌɡɹædʒəˈweɪʃən
grain,ˈɡɹeɪn
grand,ˈɡɹænd
grandchild,ˈɡɹænˌtʃaɪɫd
grandfather,ˈɡɹænˌfɑðɝ
grandmother,ˈɡɹændˌməðɝ
grandparent,ˈɡɹændˌpɛɹənt
grant,ˈɡɹænt
grape,ˈɡɹeɪp
grasp,ˈɡɹæsp
grass,ˈɡɹæs
grateful,ˈɡɹeɪtfəɫ
grave,ˈɡɹeɪv
gravity,ˈɡɹævəti
gray,ˈɡɹeɪ
great,ˈɡɹeɪt
greatest,ˈɡɹeɪtəst
greatly,ˈɡɹeɪtɫi
green,ˈɡɹin
greet,ˈɡɹit
grief,ˈɡɹif
grin,ˈɡɹɪn
grip,ˈɡɹɪp
grocery,ˈɡɹoʊsɝi
gross,ˈɡɹoʊs
ground,ˈɡɹaʊnd
group,ˈɡɹup
grow,ˈɡɹoʊ
growing,ˈɡɹoʊɪŋ
growth,ˈɡɹoʊθ
guarantee,ˌɡɛɹənˈti
guard,ˈɡɑɹd
guess,ˈɡɛs
guest,ˈɡɛst
guidance,ˈɡaɪdəns
guide,ˈɡaɪd
guideline,ˈɡaɪdˌɫaɪn
guilt,ˈɡɪɫt
guilty,ˈɡɪɫti
guitar,ɡɪˈtɑɹ
gun,ˈɡən
gut,ˈɡət
guy,ˈɡaɪ
gym,ˈdʒɪm
ha,ˈhɑ
habit,ˈhæbət
habitat,ˈhæbəˌtæt
hair,ˈhɛɹ
half,ˈhæf
halfway,ˈhæfˈweɪ
hall,ˈhɔɫ
hallway,ˈhɔɫˌweɪ
hand,ˈhænd
handful,ˈhændˌfʊɫ
handle,ˈhændəɫ
handsome,ˈhænsəm
hang,ˈhæŋ
happen,ˈhæpən
happily,ˈhæpəɫi
happiness,ˈhæpinəs
happy,ˈhæpi
harassment,hɝˈæsmənt
hard,ˈhɑɹd
hardly,ˈhɑɹdɫi
hardware,ˈhɑɹdˌwɛɹ
harm,ˈhɑɹm
harmony,ˈhɑɹməni
harsh,ˈhɑɹʃ
harvest,ˈhɑɹvəst
hat,ˈhæt
hate,ˈheɪt
haul,ˈhɔɫ
have,ˈhæv
hay,ˈheɪ
hazard,ˈhæzɝd
head,ˈhɛd
headache,ˈhɛˌdeɪk
headline,ˈhɛdˌɫaɪn
headquarters,ˈhɛdˌkɔɹtɝz
heal,ˈhiɫ
health,ˈhɛɫθ
healthy,ˈhɛɫθi
hear,ˈhiɹ
hearing,ˈhiɹɪŋ
heart,ˈhɑɹt
heat,ˈhit
heaven,ˈhɛvən
heavily,ˈhɛvəɫi
heavy,ˈhɛvi
heel,ˈhiɫ
height,ˈhaɪt
helicopter,ˈhɛɫɪˌkɑptɝ
hell,ˈhɛɫ
hello,həˈɫoʊ
helmet,ˈhɛɫmət
help,ˈhɛɫp
helpful,ˈhɛɫpfəɫ
hence,ˈhɛns
her,ˈhɝ
herb,ˈɝb
here,ˈhiɹ
heritage,ˈhɛɹətədʒ
hero,ˈhiɹoʊ
hers,ˈhɝz
herself,hɝˈsɛɫf
hesitate,ˈhɛzəˌteɪt
hey,ˈheɪ
hi,ˈhaɪ
hidden,ˈhɪdən
hide,ˈhaɪd
high,ˈhaɪ
high-tech,ˌhaɪˈtɛk
highlight,ˈhaɪˌɫaɪt
highly,ˈhaɪɫi
highway,ˈhaɪˌweɪ
hike,ˈhaɪk
hill,ˈhɪɫ
him,ˈhɪm
himself,hɪmˈsɛɫf
hint,ˈhɪnt
hip,ˈhɪp
hire,ˈhaɪɝ
his,ˈhɪz
historian,hɪˈstɔɹiən
historic,hɪˈstɔɹɪk
historical,hɪˈstɔɹɪkəɫ
historically,hɪˈstɔɹɪkəɫi
history,ˈhɪstɝi
hit,ˈhɪt
hockey,ˈhɑki
hold,ˈhoʊɫd
hole,ˈhoʊɫ
holiday,ˈhɑɫəˌdeɪ
holy,ˈhoʊɫi
home,ˈhoʊm
homeland,ˈhoʊmˌɫænd
homeless,ˈhoʊmɫəs
homework,ˈhoʊmˌwɝk
honest,ˈɑnəst
honestly,ˈɑnəsɫi
honey,ˈhəni
honor,ˈɑnɝ
hook,ˈhʊk
hope,ˈhoʊp
hopefully,ˈhoʊpfəɫi
horizon,hɝˈaɪzən
hormone,ˈhɔɹˌmoʊn
horn,ˈhɔɹn
horrible,ˈhɔɹəbəɫ
horror,ˈhɔɹɝ
horse,ˈhɔɹs
hospital,ˈhɑˌspɪtəɫ
host,ˈhoʊst
hostage,ˈhɑstɪdʒ
hostile,ˈhɑstəɫ
hot,ˈhɑt
hotel,hoʊˈtɛɫ
hour,ˈaʊɝ
house,ˈhaʊs
household,ˈhaʊsˌhoʊɫd
housing,ˈhaʊzɪŋ
how,ˈhaʊ
however,ˌhaʊˈɛvɝ
hug,ˈhəɡ
huge,ˈhjudʒ
huh,ˈhə
human,ˈhjumən
humanity,hjuˈmænɪti
humor,ˈhjumɝ
hundred,ˈhəndɝd
hunger,ˈhəŋɡɝ
hungry,ˈhəŋɡɹi
hunt,ˈhənt
hunter,ˈhəntɝ
hunting,ˈhəntɪŋ
hurricane,ˈhəɹəˌkeɪnz
hurry,ˈhɝi
hurt,ˈhɝt
husband,ˈhəzbənd
hypothesis,haɪˈpɑθəsəs
ice,ˈaɪs
icon,ˈaɪkɑn
idea,aɪˈdiə
ideal,aɪˈdiɫ
identical,aɪˈdɛntɪkəɫ
identification,aɪˌdɛntəfəˈkeɪʃən
identify,aɪˈdɛntəˌfaɪ
identity,aɪˈdɛntɪˌti
ideological,ˌaɪdiəˈɫɑdʒɪkəɫ
ideology,ˌaɪdiˈɑɫədʒi
ignore,ˌɪɡˈnɔɹ
ill,ˈɪɫ
illegal,ˌɪˈɫiɡəɫ
illness,ˈɪɫnəs
illusion,ˌɪˈɫuʒən
illustrate,ˈɪɫəˌstɹeɪt
image,ˈɪmədʒ
imagination,ˌɪˌmædʒəˈneɪʃən
imagine,ˌɪˈmædʒən
immediate,ˌɪˈmiˌdiət
immediately,ˌɪˈmiˌdiətɫi
immigrant,ˈɪməɡɹənt
immigration,ˌɪməˈɡɹeɪʃən
immune,ˌɪmˈjun
impact,ˈɪmpækt
implement,ˈɪmpɫəmənt
implementation,ˌɪmpɫəmɛnˈteɪʃən
implication,ˌɪmpɫəˈkeɪʃən
imply,ˌɪmˈpɫaɪ
import,ˈɪmˌpɔɹt
importance,ˌɪmˈpɔɹtəns
important,ˌɪmˈpɔɹtənt
importantly,ˌɪmˈpɔɹtəntɫi
impose,ˌɪmˈpoʊz
impossible,ˌɪmˈpɑsəbəɫ
impress,ˈɪmˌpɹɛs
impression,ˌɪmˈpɹɛʃən
impressive,ˌɪmˈpɹɛsɪv
improve,ˌɪmˈpɹuv
improved,ˌɪmˈpɹuvd
improvement,ˌɪmˈpɹuvmənt
impulse,ˈɪmpəɫs
incentive,ˌɪnˈsɛnɪv
incident,ˈɪnsədənt
include,ˌɪnˈkɫud
including,ˌɪnˈkɫudɪŋ
income,ˈɪnˌkəm
incorporate,ˌɪnˈkɔɹpɝˌeɪt
increase,ˈɪnˌkɹis
increased,ˈɪnˌkɹist
increasing,ˌɪnˈkɹisɪŋ
increasingly,ɪnˈkɹisɪŋɡɫi
incredible,ˌɪnˈkɹɛdəbəɫ
incredibly,ˌɪnˈkɹɛdəbɫi
indeed,ˌɪnˈdid
independence,ˌɪndɪˈpɛndəns
independent,ˌɪndɪˈpɛndənt
index,ˈɪndɛks
indicate,ˈɪndəˌkeɪt
indication,ˌɪndəˈkeɪʃən
indicator,ˈɪndəˌkeɪtɝ
indigenous,ˌɪnˈdɪdʒənəs
individual,ˌɪndəˈvɪdʒəwəɫ
industrial,ˌɪnˈdəstɹiəɫ
industry,ˈɪndəstɹi
inevitable,ˌɪˈnɛvətəbəɫ
inevitably,ˌɪˈnɛvətəbɫi
infant,ˈɪnfənt
infection,ˌɪnˈfɛkʃən
inflation,ˌɪnˈfɫeɪʃən
influence,ˈɪnfɫuəns
influential,ˌɪnfɫuˈɛnʃəɫ
inform,ˌɪnˈfɔɹm
informal,ˌɪnˈfɔɹməɫ
information,ˌɪnfɝˈmeɪʃən
infrastructure,ˌɪnfɹəˈstɹəktʃɝ
ingredient,ˌɪnˈɡɹidiənt
inherent,ɪnˈhɛɹənt
inherit,ˌɪnˈhɛɹət
initial,ˌɪˈnɪʃəɫ
initially,ˌɪˈnɪʃəɫi
initiate,ˌɪˈnɪʃiˌeɪt
initiative,ˌɪˈnɪʃətɪv
injure,ˈɪndʒɝ
injury,ˈɪndʒɝi
inmate,ˈɪnˌmeɪt
inner,ˈɪnɝ
innocent,ˈɪnəsənt
innovation,ˌɪnəˈveɪʃən
innovative,ˈɪnəˌveɪtɪv
input,ˈɪnˌpʊt
inquiry,ˌɪnˈkwaɪˌɹi
insect,ˈɪnˌsɛkt
insert,ˈɪnˌsɝt
inside,ˈɪnˌsaɪd
insight,ˈɪnˌsaɪt
insist,ˌɪnˈsɪst
inspection,ˌɪnˈspɛkʃən
inspector,ˌɪnˈspɛktɝ
inspiration,ˌɪnspɝˈeɪʃən
inspire,ˌɪnˈspaɪɹ
install,ˌɪnˈstɔɫ
installation,ˌɪnstəˈɫeɪʃən
instance,ˈɪnstəns
instant,ˈɪnstənt
instantly,ˈɪnstəntɫi
instead,ˌɪnˈstɛd
instinct,ˈɪnstɪŋkt
institution,ˌɪnstɪˈtuʃən
institutional,ˌɪnstɪˈtuʃənəɫ
instruct,ˌɪnˈstɹəkt
instruction,ˌɪnˈstɹəkʃən
instructional,ˌɪnˈstɹəkʃənəɫ
instructor,ˌɪnˈstɹəktɝ
instrument,ˈɪnstɹəmənt
insurance,ˌɪnˈʃʊɹəns
intact,ˌɪnˈtækt
integrate,ˈɪnəˌɡɹeɪt
integrated,ˈɪnəˌɡɹeɪtəd
integration,ˌɪnəˈɡɹeɪʃən
integrity,ˌɪnˈtɛɡɹəti
intellectual,ˌɪnəˈɫɛktʃuəɫ
intelligence,ˌɪnˈtɛɫədʒəns
intelligent,ˌɪnˈtɛɫədʒənt
intend,ˌɪnˈtɛnd
intense,ˌɪnˈtɛns
intensity,ɪnˈtɛnsəti
intent,ˌɪnˈtɛnt
intention,ˌɪnˈtɛntʃən
interact,ˌɪnɝˈækt
interaction,ˌɪnɝˈækʃən
interest,ˈɪntɝəst
interested,ˈɪntɝəstəd
interesting,ˈɪntɝəstɪŋ
interfere,ˌɪnɝˈfɪɹ
interior,ˌɪnˈtɪɹiɝ
internal,ˌɪnˈtɝnəɫ
international,ˌɪnɝˈnæʃənəɫ
interpret,ˌɪnˈtɝpɹət
interpretation,ˌɪnˌtɝpɹɪˈteɪʃən
interrupt,ˌɪntɝˈəpt
interval,ˈɪntɝvəɫ
intervention,ˌɪntɝˈvɛnʃən
interview,ˈɪntɝvˌju
intimate,ˈɪnəmət
into,ˈɪntu
introduce,ˌɪntɹəˈdus
introduction,ˌɪntɹəˈdəkʃən
invade,ˌɪnˈveɪd
invasion,ˌɪnˈveɪʒən
invent,ˌɪnˈvɛnt
invention,ˌɪnˈvɛnʃən
inventory,ˌɪnvənˈtɔɹi
invest,ˌɪnˈvɛst
investigate,ˌɪnˈvɛstəˌɡeɪt
investigation,ˌɪnˌvɛstəˈɡeɪʃən
investigator,ˌɪnˈvɛstəˌɡeɪtɝ
investment,ˌɪnˈvɛsmənt
investor,ˌɪnˈvɛstɝ
invisible,ˌɪnˈvɪzəbəɫ
invitation,ˌɪnvɪˈteɪʃən
invite,ˌɪnˈvaɪt
involve,ˌɪnˈvɑɫv
involved,ˌɪnˈvɑɫvd
involvement,ˌɪnˈvɑɫvmənt
iron,ˈaɪɝn
ironically,aɪˈɹɑnɪkɫi
irony,ˈaɪɹəni
island,ˈaɪɫənd
isolate,ˈaɪsəˌɫeɪt
isolated,ˈaɪsəˌɫeɪtəd
isolation,ˌaɪsəˈɫeɪʃən
issue,ˈɪʃu
item,ˈaɪtəm
its,ˈɪts
itself,ˌɪtˈsɛɫf
jacket,ˈdʒækət
jail,ˈdʒeɪɫ
jar,ˈdʒɑɹ
jaw,ˈdʒɔ
jazz,ˈdʒæz
jeans,ˈdʒinz
jet,ˈdʒɛt
jewelry,ˈdʒuəɫɹi
job,ˈdʒɑb
join,ˈdʒɔɪn
joint,ˈdʒɔɪnt
joke,ˈdʒoʊk
journal,ˈdʒɝnəɫ
journalism,ˈdʒɝnəˌɫɪzəm
journalist,ˈdʒɝnəɫəst
journey,ˈdʒɝni
joy,ˈdʒɔɪ
judge,ˈdʒədʒ
judgment,ˈdʒədʒmənt
judicial,dʒuˈdɪʃəɫ
juice,ˈdʒus
jump,ˈdʒəmp
jungle,ˈdʒəŋɡəɫ
junior,ˈdʒunjɝ
jurisdiction,ˌdʒʊɹəsˈdɪkʃən
juror,ˈdʒʊɹɝ
jury,ˈdʒʊɹi
just,ˈdʒəst
justice,ˈdʒəstəs
justify,ˈdʒəstəˌfaɪ
keep,ˈkip
key,ˈki
kick,ˈkɪk
kid,ˈkɪd
kill,ˈkɪɫ
killer,ˈkɪɫɝ
killing,ˈkɪɫɪŋ
kind,ˈkaɪnd
king,ˈkɪŋ
kingdom,ˈkɪŋdəm
kiss,ˈkɪs
kit,ˈkɪt
kitchen,ˈkɪtʃən
knee,ˈni
kneel,ˈniɫ
knife,ˈnaɪf
knock,ˈnɑk
know,ˈnoʊ
knowledge,ˈnɑɫədʒ
known,ˈnoʊn
lab,ˈɫæb
label,ˈɫeɪbəɫ
labor,ˈɫeɪbɝ
laboratory,ˈɫæbɹəˌtɔɹi
lack,ˈɫæk
ladder,ˈɫædɝ
lady,ˈɫeɪdi
lake,ˈɫeɪk
lamp,ˈɫæmp
land,ˈɫænd
landing,ˈɫændɪŋ
landmark,ˈɫændˌmɑɹk
landscape,ˈɫænˌskeɪp
lane,ˈɫeɪn
language,ˈɫæŋɡwədʒ
lap,ˈɫæp
large,ˈɫɑɹdʒ
largely,ˈɫɑɹdʒɫi
laser,ˈɫeɪzɝ
last,ˈɫæs
late,ˈɫeɪt
lately,ˈɫeɪtɫi
later,ˈɫeɪtɝ
latter,ˈɫætɝ
laugh,ˈɫæf
laughter,ˈɫæftɝ
launch,ˈɫɔntʃ
law,ˈɫɑ
lawmaker,ˈɫɔˌmeɪkɝ
lawn,ˈɫɔn
lawsuit,ˈɫɔˌsut
lawyer,ˈɫɔɪɝ
lay,ˈɫeɪ
layer,ˈɫeɪɝ
lead,ˈɫɛd
leader,ˈɫidɝ
leadership,ˈɫidɝˌʃɪp
leading,ˈɫidɪŋ
leaf,ˈɫif
league,ˈɫiɡ
lean,ˈɫin
leap,ˈɫip
learn,ˈɫɝn
learning,ˈɫɝnɪŋ
least,ˈɫist
leather,ˈɫɛðɝ
leave,ˈɫiv
lecture,ˈɫɛktʃɝ
left,ˈɫɛft
leg,ˈɫɛɡ
legacy,ˈɫɛɡəsi
legal,ˈɫiɡəɫ
legally,ˈɫiɡəɫi
legend,ˈɫɛdʒənd
legislation,ˌɫɛdʒəˈsɫeɪʃən
legislative,ˈɫɛdʒəˌsɫeɪtɪv
legislator,ˈɫɛdʒəˌsɫeɪtɝ
legislature,ˈɫɛdʒəˌsɫeɪtʃɝ
legitimate,ɫəˈdʒɪtəmət
lemon,ˈɫɛmən
lend,ˈɫɛnd
length,ˈɫɛŋkθ
lens,ˈɫɛnz
less,ˈɫɛs
lesson,ˈɫɛsən
let,ˈɫɛt
letter,ˈɫɛtɝ
level,ˈɫɛvəɫ
liability,ˌɫaɪəˈbɪɫɪti
liberal,ˈɫɪˌbɝəɫ
liberty,ˈɫɪbɝˌti
library,ˈɫaɪbɹɛˌɹi
license,ˈɫaɪsəns
lid,ˈɫɪd
lie,ˈɫaɪ
life,ˈɫaɪf
lifestyle,ˈɫaɪfˌstaɪɫ
lifetime,ˈɫaɪfˌtaɪm
lift,ˈɫɪft
light,ˈɫaɪt
lighting,ˈɫaɪtɪŋ
lightly,ˈɫaɪtɫi
lightning,ˈɫaɪtnɪŋ
like,ˈɫaɪk
likelihood,ˈɫaɪkɫiˌhʊd
likely,ˈɫaɪkɫi
likewise,ˈɫaɪˌkwaɪz
limb,ˈɫɪm
limit,ˈɫɪmət
limitation,ˌɫɪmɪˈteɪʃən
limited,ˈɫɪmətəd
line,ˈɫaɪn
link,ˈɫɪŋk
lion,ˈɫaɪən
lip,ˈɫɪp
liquid,ˈɫɪkwəd
list,ˈɫɪst
listen,ˈɫɪsən
listener,ˈɫɪsənɝ
literally,ˈɫɪtɝəɫi
literary,ˈɫɪtɝˌɛɹi
literature,ˈɫɪtɝətʃɝ
little,ˈɫɪtəɫ
live,ˈɫaɪv
liver,ˈɫɪvɝ
living,ˈɫɪvɪŋ
load,ˈɫoʊd
loan,ˈɫoʊn
lobby,ˈɫɑbi
local,ˈɫoʊkəɫ
locate,ˈɫoʊˌkeɪt
location,ɫoʊˈkeɪʃən
lock,ˈɫɑk
log,ˈɫɔɡ
logic,ˈɫɑdʒɪk
logical,ˈɫɑdʒɪkəɫ
lonely,ˈɫoʊnɫi
long,ˈɫɔŋ
long-term,ˈɫɔŋˈtɝm
longtime,ˈɫɔŋˌtaɪm
look,ˈɫʊk
loop,ˈɫup
loose,ˈɫus
lose,ˈɫuz
loss,ˈɫɔs
lost,ˈɫɔst
lot,ˈɫɑt
lots,ˈɫɑts
loud,ˈɫaʊd
love,ˈɫəv
lovely,ˈɫəvɫi
lover,ˈɫəvɝ
low,ˈɫoʊ
lower,ˈɫoʊɝ
loyal,ˈɫɔɪəɫ
loyalty,ˈɫɔɪəɫti
luck,ˈɫək
lucky,ˈɫəki
lunch,ˈɫəntʃ
lung,ˈɫəŋ
machine,məˈʃin
mad,ˈmæd
magazine,ˈmæɡəˌzin
magic,ˈmædʒɪk
magnetic,mæɡˈnɛtɪk
magnitude,ˈmæɡnəˌtud
mail,ˈmeɪɫ
main,ˈmeɪn
mainly,ˈmeɪnɫi
mainstream,ˈmeɪnˌstɹim
maintain,meɪnˈteɪn
maintenance,ˈmeɪntənəns
major,ˈmeɪdʒɝ
majority,məˈdʒɔɹəti
make,ˈmeɪk
maker,ˈmeɪkɝ
makeup,ˈmeɪˌkəp
male,ˈmeɪɫ
mall,ˈmɔɫ
man,ˈmæn
manage,ˈmænədʒ
management,ˈmænədʒmənt
manager,ˈmænədʒɝ
managing,ˈmænədʒɪŋ
mandate,ˈmænˌdeɪt
manipulate,məˈnɪpjəˌɫeɪt
manner,ˈmænɝ
mansion,ˈmænʃən
manufacturer,ˌmænjəˈfæktʃɝɝ
manufacturing,ˌmænjəˈfæktʃɝɪŋ
many,ˈmɛni
map,ˈmæp
marble,ˈmɑɹbəɫ
march,ˈmɑɹtʃ
margin,ˈmɑɹdʒən
marine,mɝˈin
mark,ˈmɑɹk
marker,ˈmɑɹkɝ
market,ˈmɑɹkət
marketing,ˈmɑɹkətɪŋ
marketplace,ˈmɑɹkətˌpɫeɪs
marriage,ˈmɛɹɪdʒ
married,ˈmɛɹid
marry,ˈmɛɹi
mask,ˈmæsk
mass,ˈmæs
massive,ˈmæsɪv
master,ˈmæstɝ
match,ˈmætʃ
mate,ˈmeɪt
material,məˈtɪɹiəɫ
math,ˈmæθ
mathematics,ˌmæθəˈmætɪks
matter,ˈmætɝ
maximum,ˈmæksəməm
may,ˈmeɪ
maybe,ˈmeɪbi
mayor,ˈmeɪɝ
meal,ˈmiɫ
mean,ˈmin
meaning,ˈminɪŋ
meaningful,ˈminɪŋfəɫ
meantime,ˈminˌtaɪm
meanwhile,ˈminˌwaɪɫ
measure,ˈmɛʒɝ
measurement,ˈmɛʒɝmənt
meat,ˈmit
mechanic,məˈkænɪk
mechanical,məˈkænɪkəɫ
mechanism,ˈmɛkəˌnɪzəm
medal,ˈmɛdəɫ
media,ˈmidiə
medical,ˈmɛdəkəɫ
medication,ˌmɛdəˈkeɪʃən
medicine,ˈmɛdəsən
medium,ˈmidiəm
meet,ˈmit
meeting,ˈmitɪŋ
melt,ˈmɛɫt
member,ˈmɛmbɝ
membership,ˈmɛmbɝˌʃɪp
memory,ˈmɛmɝi
mental,ˈmɛntəɫ
mentally,ˈmɛnəɫi
mention,ˈmɛnʃən
mentor,ˈmɛnˌtɔɹ
menu,ˈmɛnju
merchant,ˈmɝtʃənt
mere,ˈmɪɹ
merely,ˈmɪɹɫi
merit,ˈmɛɹət
mess,ˈmɛs
message,ˈmɛsədʒ
metal,ˈmɛtəɫ
metaphor,ˈmɛtəfɔɹ
meter,ˈmitɝ
method,ˈmɛθəd
metropolitan,ˌmɛtɹəˈpɑɫətən
middle,ˈmɪdəɫ
midnight,ˈmɪdˌnaɪt
midst,ˈmɪdst
might,ˈmaɪt
migration,maɪˈɡɹeɪʃən
mild,ˈmaɪɫd
military,ˈmɪɫəˌtɛɹi
milk,ˈmɪɫk
mill,ˈmɪɫ
million,ˈmɪɫjən
mind,ˈmaɪnd
mine,ˈmaɪn
mineral,ˈmɪnɝəɫ
minimal,ˈmɪnəməɫ
minimize,ˈmɪnəˌmaɪz
minimum,ˈmɪnəməm
minister,ˈmɪnəstɝ
ministry,ˈmɪnəstɹi
minor,ˈmaɪnɝ
minority,maɪˈnɔɹəti
minute,ˈmɪnət
miracle,ˈmɪɹəkəɫ
mirror,ˈmɪɹɝ
miss,ˈmɪs
missile,ˈmɪsəɫ
missing,ˈmɪsɪŋ
mission,ˈmɪʃən
missionary,ˈmɪʃəˌnɛɹi
mistake,mɪˈsteɪk
mix,ˈmɪks
mixed,ˈmɪkst
mixture,ˈmɪkstʃɝ
mobile,ˈmoʊbəɫ
mode,ˈmoʊd
model,ˈmɑdəɫ
moderate,ˈmɑdɝˌeɪt
modern,ˈmɑdɝn
modest,ˈmɑdəst
modify,ˈmɑdəˌfaɪ
molecule,ˈmɑɫəkˌjuɫ
mom,ˈmɑm
moment,ˈmoʊmənt
momentum,moʊˈmɛntəm
money,ˈməni
monitor,ˈmɑnətɝ
monkey,ˈməŋki
monster,ˈmɑnstɝ
month,ˈmənθ
monthly,ˈmənθɫi
monument,ˈmɑnjəmənt
mood,ˈmud
moon,ˈmun
moral,ˈmɔɹəɫ
more,ˈmɔɹ
moreover,mɔˈɹoʊvɝ
morning,ˈmɔɹnɪŋ
mortality,mɔɹˈtæɫəti
mortgage,ˈmɔɹɡədʒ
most,ˈmoʊs
mostly,ˈmoʊsɫi
mother,ˈməðɝ
motion,ˈmoʊʃən
motivate,ˈmoʊtəˌveɪt
motivation,ˌmoʊtəˈveɪʃən
motive,ˈmoʊtɪv
motor,ˈmoʊtɝ
mount,ˈmaʊnt
mountain,ˈmaʊntən
mouse,ˈmaʊs
mouth,ˈmaʊθ
move,ˈmuv
movement,ˈmuvmənt
movie,ˈmuvi
much,ˈmətʃ
mud,ˈməd
multiple,ˈməɫtəpəɫ
municipal,mjuˈnɪsəpəɫ
murder,ˈmɝdɝ
muscle,ˈməsəɫ
museum,ˈmjuziəm
mushroom,ˈməʃɹum
music,ˈmjuzɪk
musical,ˈmjuzɪkəɫ
musician,mjuˈzɪʃən
must,ˈməst
mutter,ˈmətɝ
mutual,ˈmjutʃuəɫ
myself,ˌmaɪˈsɛɫf
mysterious,mɪˈstɪɹiəs
mystery,ˈmɪstɝi
myth,ˈmɪθ
nail,ˈneɪɫ
naked,ˈneɪkəd
name,ˈneɪm
narrative,ˈnæɹətɪv
narrow,ˈnæɹoʊ
nasty,ˈnæsti
nation,ˈneɪʃən
national,ˈnæʃənəɫ
nationwide,ˈneɪʃənˈwaɪd
native,ˈneɪtɪv
natural,ˈnætʃɝəɫ
naturally,ˈnætʃɝəɫi
nature,ˈneɪtʃɝ
near,ˈnɪɹ
nearby,ˈnɪɹˈbaɪ
nearly,ˈnɪɹɫi
neat,ˈnit
necessarily,ˌnɛsəˈsɛɹəɫi
necessary,ˈnɛsəˌsɛɹi
necessity,nəˈsɛsəti
neck,ˈnɛk
need,ˈnid
needle,ˈnidəɫ
negative,ˈnɛɡətɪv
negotiate,nəˈɡoʊʃiˌeɪt
negotiation,nɪˌɡoʊʃiˈeɪʃən
neighbor,ˈneɪbɝ
neighborhood,ˈneɪbɝˌhʊd
neighboring,ˈneɪbɝɪŋ
neither,ˈnaɪðɝ
nerve,ˈnɝv
nervous,ˈnɝvəs
nest,ˈnɛst
net,ˈnɛt
network,ˈnɛtˌwɝk
neutral,ˈnutɹəɫ
never,ˈnɛvɝ
nevertheless,ˌnɛvɝðəˈɫɛs
new,ˈnju
newly,ˈnuɫi
news,ˈnjuz
newspaper,ˈnuzˌpeɪpɝ
next,ˈnɛks
nice,ˈnaɪs
night,ˈnaɪt
nightmare,ˈnaɪtˌmɛɹ
nine,ˈnaɪn
nobody,ˈnoʊˌbɑˌdi
nod,ˈnɑd
noise,ˈnɔɪz
nomination,ˌnɑməˈneɪʃən
nominee,ˌnɑməˈni
none,ˈnən
nonetheless,ˌnənðəˈɫɛs
nonprofit,nɑnˈpɹɑfət
noon,ˈnun
nor,ˈnɔɹ
norm,ˈnɔɹm
normal,ˈnɔɹməɫ
normally,ˈnɔɹməɫi
north,ˈnɔɹθ
northeast,ˌnɔɹˈθist
northern,ˈnɔɹðɝn
northwest,ˌnɔɹθˈwɛst
nose,ˈnoʊz
not,ˈnɑt
note,ˈnoʊt
notebook,ˈnoʊtˌbʊk
nothing,ˈnəθɪŋ
notice,ˈnoʊtəs
notion,ˈnoʊʃən
novel,ˈnɑvəɫ
now,ˈnaʊ
nowhere,ˈnoʊˌwɛɹ
nuclear,ˈnukɫiɝ
number,ˈnəmbɝ
numerous,ˈnumɝəs
nurse,ˈnɝs
nut,ˈnət
nutrient,ˈnutɹiənt
o'clock,əˈkɫɑk
oak,ˈoʊk
object,ˈɑbdʒɛkt
objection,əbˈdʒɛkʃən
objective,əbˈdʒɛktɪv
obligation,ˌɑbɫəˈɡeɪʃən
observation,ˌɑbzɝˈveɪʃən
observe,əbˈzɝv
observer,əbˈzɝvɝ
obstacle,ˈɑbstəkəɫ
obtain,əbˈteɪn
obvious,ˈɑbviəs
obviously,ˈɑbviəsɫi
occasion,əˈkeɪʒən
occasional,əˈkeɪʒənəɫ
occasionally,əˈkeɪʒənəɫi
occupation,ˌɑkjəˈpeɪʃən
occupy,ˈɑkjəˌpaɪ
occur,əˈkɝ
ocean,ˈoʊʃən
odd,ˈɑd
odds,ˈɑdz
off,ˈɔf
offender,əˈfɛndɝ
offense,əˈfɛns
offensive,əˈfɛnsɪv
offer,ˈɔfɝ
offering,ˈɔfɝɪŋ
office,ˈɔfɪs
officer,ˈɔfəsɝ
official,əˈfɪʃəɫ
officially,əˈfɪʃəɫi
often,ˈɔfən
oh,ˈoʊ
oil,ˈɔɪɫ
ok,ˈoʊˈkeɪ
okay,ˌoʊˈkeɪ
old,ˈoʊɫd
old-fashioned,ˌoʊɫdˈfæʃənd
once,ˈwəns
one,ˈwən
one-third,ˌwənˈθɝd
ongoing,ˈɑnˌɡoʊɪŋ
onion,ˈənjən
online,ˈɔnˌɫaɪn
only,ˈoʊnɫi
onto,ˈɑntu
open,ˈoʊpən
opening,ˈoʊpənɪŋ
openly,ˈoʊpənɫi
opera,ˈɑpɹə
operate,ˈɑpɝˌeɪt
operating,ˈɑpɝˌeɪtɪŋ
operation,ˌɑpɝˈeɪʃən
operator,ˈɑpɝˌeɪtɝ
opinion,əˈpɪnjən
opponent,əˈpoʊnənt
opportunity,ˌɑpɝˈtunəti
oppose,əˈpoʊz
opposed,əˈpoʊzd
opposite,ˈɑpəzət
opposition,ˌɑpəˈzɪʃən
opt,ˈɑpt
optimistic,ˌɑptəˈmɪstɪk
option,ˈɑpʃən
oral,ˈɔɹəɫ
orange,ˈɔɹəndʒ
orbit,ˈɔɹbət
order,ˈɔɹdɝ
ordinary,ˈɔɹdəˌnɛɹi
organ,ˈɔɹɡən
organic,ɔɹˈɡænɪk
organism,ˈɔɹɡəˌnɪzəm
organization,ˌɔɹɡənəˈzeɪʃən
organizational,ˌɔɹɡənəˈzeɪʃənəɫ
organize,ˈɔɹɡəˌnaɪz
organized,ˈɔɹɡəˌnaɪzd
orientation,ˌɔɹiɛnˈteɪʃən
origin,ˈɔɹədʒən
original,ɝˈɪdʒənəɫ
originally,ɝˈɪdʒənəɫi
other,ˈəðɝ
others,ˈəðɝz
otherwise,ˈəðɝˌwaɪz
ought,ˈɔt
our,ˈaʊɝ
ours,ˈaʊɝz
ourselves,aʊɝˈsɛɫvz
out,ˈaʊt
outcome,ˈaʊtˌkəm
outdoor,ˈaʊtˌdɔɹ
outer,ˈaʊtɝ
outfit,ˈaʊtˌfɪt
outlet,ˈaʊtˌɫɛt
outline,ˈaʊtˌɫaɪn
output,ˈaʊtˌpʊt
outside,ˈaʊtˈsaɪd
outsider,aʊtˈsaɪdɝ
outstanding,ˌaʊtˈstændɪŋ
oven,ˈəvən
over,ˈoʊvɝ
overall,ˈoʊvɝˌɔɫ
overcome,ˈoʊvɝˌkəm
overlook,ˈoʊvɝˌɫʊk
overnight,ˈoʊvɝˈnaɪt
oversee,ˈoʊvɝˌsi
overwhelm,ˌoʊvɝˈwɛɫm
overwhelming,ˌoʊvɝˈwɛɫmɪŋ
owe,ˈoʊ
own,ˈoʊn
owner,ˈoʊnɝ
ownership,ˈoʊnɝˌʃɪp
oxygen,ˈɑksədʒən
pace,ˈpeɪs
pack,ˈpæk
package,ˈpækədʒ
pad,ˈpæd
page,ˈpeɪdʒ
pain,ˈpeɪn
painful,ˈpeɪnfəɫ
paint,ˈpeɪnt
painter,ˈpeɪntɝ
painting,ˈpeɪntɪŋ
pair,ˈpɛɹ
palace,ˈpæɫəs
pale,ˈpeɪɫ
palm,ˈpɑɫm
pan,ˈpæn
panel,ˈpænəɫ
panic,ˈpænɪk
pant,ˈpænt
paper,ˈpeɪpɝ
parade,pɝˈeɪd
parent,ˈpɛɹənt
parental,pɝˈɛntəɫ
parish,ˈpæɹɪʃ
park,ˈpɑɹk
parking,ˈpɑɹkɪŋ
part,ˈpɑɹt
partial,ˈpɑɹʃəɫ
partially,ˈpɑɹʃəɫi
participant,pɑɹˈtɪsəpənt
participate,pɑɹˈtɪsəˌpeɪt
participation,pɑɹˌtɪsəˈpeɪʃən
particle,ˈpɑɹtəkəɫ
particular,ˌpɑˈtɪkjəɫɝ
particularly,ˌpɑɹˈtɪkjəɫɝɫi
partly,ˈpɑɹtɫi
partner,ˈpɑɹtnɝ
partnership,ˈpɑɹtnɝˌʃɪp
party,ˈpɑɹti
pass,ˈpæs
passage,ˈpæsədʒ
passenger,ˈpæsəndʒɝ
passing,ˈpæsɪŋ
passion,ˈpæʃən
past,ˈpæst
pasta,ˈpɑstə
pastor,ˈpæstɝ
pat,ˈpæt
patch,ˈpætʃ
patent,ˈpætənt
path,ˈpæθ
patience,ˈpeɪʃəns
patient,ˈpeɪʃənt
patrol,pəˈtɹoʊɫ
patron,ˈpeɪtɹən
pattern,ˈpætɝn
pause,ˈpɔz
pay,ˈpeɪ
payment,ˈpeɪmənt
peace,ˈpis
peaceful,ˈpisfəɫ
peak,ˈpik
peanut,ˈpiˌnət
peasant,ˈpɛzənt
peel,ˈpiɫ
peer,ˈpɪɹ
pen,ˈpɛn
penalty,ˈpɛnəɫti
pencil,ˈpɛnsəɫ
pension,ˈpɛnʃən
people,ˈpipəɫ
pepper,ˈpɛpɝ
per,ˈpɝ
perceive,pɝˈsiv
perceived,pɝˈsivd
percentage,pɝˈsɛnədʒ
perception,pɝˈsɛpʃən
perfect,ˈpɝˌfɪkt
perfectly,ˈpɝfəkɫi
perform,pɝˈfɔɹm
performance,pɝˈfɔɹməns
performer,pɝˈfɔɹmɝ
perhaps,pɝˈhæps
period,ˈpɪɹiəd
permanent,ˈpɝmənənt
permission,pɝˈmɪʃən
permit,ˈpɝˌmɪt
persist,pɝˈsɪst
person,ˈpɝsən
personal,ˈpɝsɪnəɫ
personality,ˌpɝsəˈnæɫɪti
personally,ˈpɝsənəɫi
personnel,ˌpɝsəˈnɛɫ
perspective,pɝˈspɛktɪv
persuade,pɝˈsweɪd
pet,ˈpɛt
phase,ˈfeɪz
phenomenon,fəˈnɑməˌnɑn
philosophical,ˌfɪɫəˈsɑfɪkəɫ
philosophy,fəˈɫɑsəfi
phone,ˈfoʊn
photo,ˈfoʊˌtoʊ
photograph,ˈfoʊtəˌɡɹæf
photographer,fəˈtɑɡɹəfɝ
photography,fəˈtɑɡɹəfi
phrase,ˈfɹeɪz
physical,ˈfɪzɪkəɫ
physically,ˈfɪzɪkəɫi
physician,fəˈzɪʃən
physics,ˈfɪzɪks
piano,piˈænə
pick,ˈpɪk
pickup,ˈpɪˌkəp
picture,ˈpɪktʃɝ
pie,ˈpaɪ
piece,ˈpis
pig,ˈpɪɡ
pile,ˈpaɪɫ
pill,ˈpɪɫ
pillow,ˈpɪɫoʊ
pilot,ˈpaɪɫət
pin,ˈpɪn
pine,ˈpaɪn
pink,ˈpɪŋk
pioneer,ˌpaɪəˈnɪɹ
pipe,ˈpaɪp
pit,ˈpɪt
pitch,ˈpɪtʃ
pitcher,ˈpɪtʃɝ
pizza,ˈpitsə
place,ˈpɫeɪs
placement,ˈpɫeɪsmənt
plain,ˈpɫeɪn
plan,ˈpɫæn
plane,ˈpɫeɪn
planet,ˈpɫænət
planner,ˈpɫænɝ
planning,ˈpɫænɪŋ
plant,ˈpɫænt
plastic,ˈpɫæstɪk
plate,ˈpɫeɪt
platform,ˈpɫætˌfɔɹm
play,ˈpɫeɪ
player,ˈpɫeɪɝ
playoff,ˈpɫeɪˌɔf
plea,ˈpɫi
plead,ˈpɫid
pleasant,ˈpɫɛzənt
please,ˈpɫiz
pleased,ˈpɫizd
pleasure,ˈpɫɛʒɝ
plenty,ˈpɫɛni
plot,ˈpɫɑt
plunge,ˈpɫəndʒ
plus,ˈpɫəs
pocket,ˈpɑkət
poem,ˈpoʊəm
poet,ˈpoʊət
poetry,ˈpoʊətɹi
point,ˈpɔɪnt
poke,ˈpoʊk
pole,ˈpoʊɫ
police,pəˈɫis
policeman,pəˈɫismən
policy,ˈpɑɫəsi
political,pəˈɫɪtəkəɫ
politically,ˈpɫɪtɪkɫi
politician,ˌpɑɫəˈtɪʃən
politics,ˈpɑɫəˌtɪks
poll,ˈpoʊɫ
pollution,pəˈɫuʃən
pond,ˈpɑnd
pool,ˈpuɫ
poor,ˈpuɹ
pop,ˈpɑp
popular,ˈpɑpjəɫɝ
popularity,ˌpɑpjəˈɫɛɹəti
population,ˌpɑpjəˈɫeɪʃən
porch,ˈpɔɹtʃ
pork,ˈpɔɹk
port,ˈpɔɹt
portfolio,pɔɹtˈfoʊɫiˌoʊ
portion,ˈpɔɹʃən
portrait,ˈpɔɹtɹət
portray,pɔɹˈtɹeɪ
pose,ˈpoʊz
position,pəˈzɪʃən
positive,ˈpɑzətɪv
possess,pəˈzɛs
possession,pəˈzɛʃən
possibility,ˌpɑsəˈbɪɫəˌti
possible,ˈpɑsəbəɫ
possibly,ˈpɑsəbɫi
post,ˈpoʊst
poster,ˈpoʊstɝ
pot,ˈpɑt
potato,pəˈteɪˌtoʊ
potential,pəˈtɛnʃəɫ
potentially,pəˈtɛnʃəɫi
pound,ˈpaʊnd
pour,ˈpɔɹ
poverty,ˈpɑvɝti
powder,ˈpaʊdɝ
power,ˈpaʊɝ
powerful,ˈpaʊɝfəɫ
practical,ˈpɹæktəkəɫ
practically,ˈpɹæktɪkəɫi
practice,ˈpɹæktəs
practitioner,pɹækˈtɪʃənɝ
praise,ˈpɹeɪz
pray,ˈpɹeɪ
prayer,ˈpɹeɪɝ
preach,ˈpɹitʃ
precious,ˈpɹɛʃəs
precise,pɹiˈsaɪs
precisely,pɹiˈsaɪsɫi
predator,ˈpɹɛdətɝ
predict,pɹiˈdɪkt
prediction,pɹiˈdɪkʃən
prefer,pɹəˈfɝ
preference,ˈpɹɛfɝəns
pregnancy,ˈpɹɛɡnənsi
pregnant,ˈpɹɛɡnənt
preliminary,pɹiˈɫɪməˌnɛɹi
premise,ˈpɹɛmɪs
premium,ˈpɹimiəm
preparation,ˌpɹɛpɝˈeɪʃən
prepare,pɹiˈpɛɹ
prescription,pɹəsˈkɹɪpʃən
presence,ˈpɹɛzəns
present,ˈpɹɛzənt
presentation,ˌpɹɛzənˈteɪʃən
preserve,pɹəˈzɝv
presidency,ˈpɹɛzədənsi
president,ˈpɹɛzəˌdɛnt
presidential,ˌpɹɛzəˈdɛnʃəɫ
press,ˈpɹɛs
pressure,ˈpɹɛʃɝ
presumably,pɹəˈzuməbɫi
pretend,pɹiˈtɛnd
pretty,ˈpɹɪti
prevail,pɹiˈveɪɫ
prevent,pɹiˈvɛnt
prevention,pɹiˈvɛnʃən
previous,ˈpɹiviəs
previously,ˈpɹiviəsɫi
price,ˈpɹaɪs
pride,ˈpɹaɪd
priest,ˈpɹist
primarily,pɹaɪˈmɛɹəɫi
primary,ˈpɹaɪˌmɛɹi
prime,ˈpɹaɪm
principal,ˈpɹɪnsəpəɫ
principle,ˈpɹɪnsəpəɫ
print,ˈpɹɪnt
prior,ˈpɹaɪɝ
priority,pɹaɪˈɔɹəti
prison,ˈpɹɪzən
prisoner,ˈpɹɪzənɝ
privacy,ˈpɹaɪvəsi
private,ˈpɹaɪvət
privately,ˈpɹaɪvətɫi
privilege,ˈpɹɪvɪɫədʒ
prize,ˈpɹaɪz
pro,ˈpɹoʊ
probably,ˈpɹɑbəˌbɫi
problem,ˈpɹɑbɫəm
procedure,pɹəˈsidʒɝ
proceed,pɝˈsid
process,ˈpɹɑˌsɛs
processing,ˈpɹɑsɛsɪŋ
processor,ˈpɹɑˌsɛsɝ
proclaim,pɹoʊˈkɫeɪm
produce,ˈpɹoʊdus
producer,pɹəˈdusɝ
product,ˈpɹɑdəkt
production,pɝˈdəkʃən
productive,pɝˈdəktɪv
productivity,ˌpɹoʊdəkˈtɪvəti
profession,pɹəˈfɛʃən
professional,pɹəˈfɛʃənəɫ
professor,pɹəˈfɛsɝ
profile,ˈpɹoʊˌfaɪɫ
profit,ˈpɹɑfət
profound,pɹoʊˈfaʊnd
program,ˈpɹoʊˌɡɹæm
programming,ˈpɹoʊˌɡɹæmɪŋ
progress,ˈpɹɑˌɡɹɛs
progressive,pɹəˈɡɹɛsɪv
prohibit,pɹoʊˈhɪbət
project,ˈpɹɑdʒɛkt
projection,pɹəˈdʒɛkʃən
prominent,ˈpɹɑmənənt
promise,ˈpɹɑməs
promising,ˈpɹɑməsɪŋ
promote,pɹəˈmoʊt
promotion,pɝˈmoʊʃən
prompt,ˈpɹɑmpt
proof,ˈpɹuf
proper,ˈpɹɑpɝ
properly,ˈpɹɑpɝɫi
property,ˈpɹɑpɝti
proportion,pɹəˈpɔɹʃən
proposal,pɹəˈpoʊzəɫ
propose,pɹəˈpoʊz
proposed,pɹəˈpoʊzd
prosecution,ˌpɹɑsəkˈjuʃən
prosecutor,ˈpɹɑsɪkˌjutɝ
prospect,ˈpɹɑspɛkt
protect,pɹəˈtɛkt
protection,pɹəˈtɛkʃən
protective,pɹəˈtɛktɪv
protein,ˈpɹoʊˌtin
protest,ˈpɹoʊˌtɛst
protocol,ˈpɹoʊtəˌkɑɫ
proud,ˈpɹaʊd
prove,ˈpɹuv
provide,pɹəˈvaɪd
provided,pɹəˈvaɪdɪd
provider,pɹəˈvaɪdɝ
province,ˈpɹɑvəns
provision,pɹəˈvɪʒən
provoke,pɹəˈvoʊk
psychological,ˌsaɪkəˈɫɑdʒɪkəɫ
psychologist,saɪˈkɑɫədʒəst
psychology,saɪˈkɑɫədʒi
public,ˈpəbɫɪk
publication,ˌpəbɫɪˈkeɪʃən
publicity,pəˈbɫɪsəti
publicly,ˈpəbɫɪkɫi
publish,ˈpəbɫɪʃ
publisher,ˈpəbɫɪʃɝ
pull,ˈpʊɫ
pulse,ˈpəɫs
pump,ˈpəmp
punch,ˈpəntʃ
punish,ˈpənɪʃ
punishment,ˈpənɪʃmənt
purchase,ˈpɝtʃəs
pure,ˈpjʊɹ
purple,ˈpɝpəɫ
purpose,ˈpɝpəs
purse,ˈpɝs
pursue,pɝˈsu
pursuit,pɝˈsut
push,ˈpʊʃ
put,ˈpʊt
puzzle,ˈpəzəɫ
qualify,ˈkwɑɫəˌfaɪ
quality,ˈkwɑɫəti
quantity,ˈkwɑntəti
quarter,ˈkwɔɹtɝ
quarterback,ˈkwɔɹtɝˌbæk
queen,ˈkwin
quest,ˈkwɛst
question,ˈkwɛstʃən
questionnaire,ˌkwɛstʃəˈnɛɹ
quick,ˈkwɪk
quickly,ˈkwɪkɫi
quiet,ˈkwaɪət
quietly,ˈkwaɪətɫi
quit,ˈkwɪt
quite,ˈkwaɪt
quote,ˈkwoʊt
rabbit,ˈɹæbət
race,ˈɹeɪs
racial,ˈɹeɪʃəɫ
racism,ˈɹeɪˌsɪzəm
rack,ˈɹæk
radar,ˈɹeɪˌdɑɹ
radiation,ˌɹeɪdiˈeɪʃən
radical,ˈɹædəkəɫ
radio,ˈɹeɪdiˌoʊ
rage,ˈɹeɪdʒ
rail,ˈɹeɪɫ
railroad,ˈɹeɪɫˌɹoʊd
rain,ˈɹeɪn
raise,ˈɹeɪz
rally,ˈɹæɫi
ranch,ˈɹæntʃ
random,ˈɹændəm
range,ˈɹeɪndʒ
rank,ˈɹæŋk
rape,ˈɹeɪp
rapid,ˈɹæpəd
rapidly,ˈɹæpədɫi
rare,ˈɹɛɹ
rarely,ˈɹɛɹɫi
rat,ˈɹæt
rate,ˈɹeɪt
rather,ˈɹæðɝ
rating,ˈɹeɪtɪŋ
ratio,ˈɹeɪʃiˌoʊ
rational,ˈɹæʃənəɫ
raw,ˈɹɑ
re,ˈɹeɪ
reach,ˈɹitʃ
react,ɹiˈækt
reaction,ɹiˈækʃən
read,ˈɹɛd
reader,ˈɹidɝ
readily,ˈɹɛdəɫi
reading,ˈɹɛdɪŋ
ready,ˈɹɛdi
real,ˈɹiɫ
realistic,ˌɹiəˈɫɪstɪk
reality,ˌɹiˈæɫəˌti
realize,ˈɹiəˌɫaɪz
really,ˈɹiɫi
realm,ˈɹɛɫm
rear,ˈɹɪɹ
reason,ˈɹizən
reasonable,ˈɹizənəbəɫ
rebel,ˈɹɛbəɫ
rebuild,ɹiˈbɪɫd
recall,ˈɹiˌkɔɫ
receive,ɹəˈsiv
receiver,ɹəˈsivɝ
recent,ˈɹisənt
recently,ˈɹisənɫi
reception,ɹiˈsɛpʃən
recession,ˌɹiˈsɛʃən
recipe,ˈɹɛsəpi
recipient,ɹəˈsɪpiənt
recognition,ˌɹɛkəɡˈnɪʃən
recognize,ˈɹɛkəɡˌnaɪz
recommend,ˌɹɛkəˈmɛnd
recommendation,ˌɹɛkəmənˈdeɪʃən
record,ˈɹɛkɝd
recording,ɹəˈkɔɹdɪŋ
recover,ɹɪˈkəvɝ
recovery,ɹɪˈkəvɝi
recruit,ɹəˈkɹut
red,ˈɹɛd
reduce,ɹəˈdus
reduction,ɹəˈdəkʃən
refer,ɹəˈfɝ
reference,ˈɹɛfɝəns
reflect,ɹɪˈfɫɛkt
reflection,ɹɪˈfɫɛkʃən
reform,ɹəˈfɔɹm
refrigerator,ɹəˈfɹɪdʒɝˌeɪtɝ
refuge,ˈɹɛfjudʒ
refugee,ˈɹɛfjudʒi
refuse,ˈɹɛfˌjuz
regain,ɹɪˈɡeɪn
regard,ɹɪˈɡɑɹd
regarding,ɹɪˈɡɑɹdɪŋ
regardless,ɹəˈɡɑɹdɫəs
regime,ɹeɪˈʒim
region,ˈɹidʒən
regional,ˈɹidʒənəɫ
register,ˈɹɛdʒɪstɝ
regret,ɹəˈɡɹɛt
regular,ˈɹeɪɡjəɫɝ
regularly,ˈɹɛɡjəɫɝɫi
regulate,ˈɹɛɡjəˌɫeɪt
regulation,ˌɹɛɡjəˈɫeɪʃən
regulator,ˈɹɛɡjəˌɫeɪtɝ
regulatory,ˈɹɛɡjəɫəˌtɔɹi
rehabilitation,ˌɹiəˌbɪɫəˈteɪʃən
reinforce,ˌɹiɪnˈfɔɹs
reject,ˈɹidʒɛkt
relate,ɹiˈɫeɪt
related,ˌɹiˈɫeɪtɪd
relation,ɹiˈɫeɪʃən
relationship,ɹiˈɫeɪʃənˌʃɪp
relative,ˈɹɛɫətɪv
relatively,ˈɹɛɫətɪvɫi
relax,ɹiˈɫæks
release,ɹiˈɫis
relevant,ˈɹɛɫəvənt
reliability,ɹiˌɫaɪəˈbɪɫəti
reliable,ɹiˈɫaɪəbəɫ
relief,ɹiˈɫif
relieve,ɹiˈɫiv
religion,ɹiˈɫɪdʒən
religious,ɹiˈɫɪdʒəs
reluctant,ɹiˈɫəktənt
rely,ɹiˈɫaɪ
remain,ɹiˈmeɪn
remaining,ɹiˈmeɪnɪŋ
remark,ɹiˈmɑɹk
remarkable,ɹiˈmɑɹkəbəɫ
remember,ɹiˈmɛmbɝ
remind,ɹiˈmaɪnd
reminder,ɹiˈmaɪndɝ
remote,ɹiˈmoʊt
removal,ɹɪˈmuvəɫ
remove,ɹiˈmuv
render,ˈɹɛndɝ
rent,ˈɹɛnt
rental,ˈɹɛntəɫ
repair,ɹɪˈpɛɹ
repeat,ɹiˈpit
repeatedly,ɹɪˈpitɪdɫi
replace,ˌɹiˈpɫeɪs
replacement,ɹɪˈpɫeɪsmənt
reply,ɹiˈpɫaɪ
report,ɹiˈpɔɹt
reportedly,ɹiˈpɔɹtədɫi
reporter,ɹɪˈpɔɹtɝ
reporting,ɹiˈpɔɹtɪŋ
represent,ˌɹɛpɹɪˈzɛnt
representation,ˌɹɛpɹəzɛnˈteɪʃən
representative,ˌɹɛpɹəˈzɛnətɪv
republic,ɹiˈpəbɫək
reputation,ˌɹɛpjəˈteɪʃən
request,ɹiˈkwɛst
require,ˌɹiˈkwaɪɝ
required,ɹiˈkwaɪɝd
requirement,ɹɪˈkwaɪɹmənt
rescue,ˈɹɛskju
research,ˈɹisɝtʃ
researcher,ˈɹisɝtʃɝ
resemble,ɹiˈzɛmbəɫ
reservation,ˌɹɛzɝˈveɪʃən
reserve,ɹiˈzɝv
residence,ˈɹɛzɪdəns
resident,ˈɹɛzɪdənt
residential,ˌɹɛzɪˈdɛnʃəɫ
resign,ɹiˈsaɪn
resist,ɹiˈzɪst
resistance,ɹiˈzɪstəns
resolution,ˌɹɛzəˈɫuʃən
resolve,ɹiˈzɑɫv
resort,ɹiˈsɔɹt
resource,ˈɹisɔɹs
respect,ɹiˈspɛkt
respectively,ɹɪˈspɛktɪvɫi
respond,ɹiˈspɑnd
respondent,ɹɪˈspɑndənt
response,ɹiˈspɑns
responsibility,ɹiˌspɑnsəˈbɪɫəti
responsible,ɹiˈspɑnsəbəɫ
rest,ˈɹɛst
restaurant,ˈɹɛsˌtɹɑnt
restore,ɹɪˈstɔɹ
restrict,ɹiˈstɹɪkt
restriction,ɹiˈstɹɪkʃən
result,ɹiˈzəɫt
resume,ˈɹɛzəˌmeɪ
retail,ˈɹiˌteɪɫ
retailer,ˈɹiˌteɪɫɝ
retain,ɹiˈteɪn
retire,ˌɹiˈtaɪɝ
retired,ɹiˈtaɪɝd
retirement,ɹiˈtaɪɝmənt
retreat,ɹiˈtɹit
return,ɹiˈtɝn
reveal,ɹiˈviɫ
revelation,ˌɹɛvəˈɫeɪʃən
revenue,ˈɹɛvəˌnu
reverse,ɹiˈvɝs
review,ˌɹivˈju
revolution,ˌɹɛvəˈɫuʃən
revolutionary,ˌɹɛvəˈɫuʃəˌnɛɹi
reward,ɹiˈwɔɹd
rhetoric,ˈɹɛtɝɪk
rhythm,ˈɹɪðəm
rib,ˈɹɪb
ribbon,ˈɹɪbən
rice,ˈɹaɪs
rich,ˈɹɪtʃ
rid,ˈɹɪd
ride,ˈɹaɪd
rider,ˈɹaɪdɝ
ridge,ˈɹɪdʒ
ridiculous,ɹɪˈdɪkjəɫəs
rifle,ˈɹaɪfəɫ
right,ˈɹaɪt
rim,ˈɹɪm
ring,ˈɹɪŋ
riot,ˈɹaɪət
rip,ˈɹɪp
rise,ˈɹaɪz
risk,ˈɹɪsk
risky,ˈɹɪski
ritual,ˈɹɪtʃuəɫ
rival,ˈɹaɪvəɫ
river,ˈɹɪvɝ
road,ˈɹoʊd
robot,ˈɹoʊˌbɑt
rock,ˈɹɑk
rocket,ˈɹɑkət
rod,ˈɹɑd
role,ˈɹoʊɫ
roll,ˈɹoʊɫ
rolling,ˈɹoʊɫɪŋ
romance,ˈɹoʊmæns
romantic,ɹoʊˈmæntɪk
roof,ˈɹuf
room,ˈɹum
root,ˈɹut
rope,ˈɹoʊp
rose,ˈɹoʊz
rough,ˈɹəf
roughly,ˈɹəfɫi
round,ˈɹaʊnd
route,ˈɹaʊt
routine,ɹuˈtin
routinely,ɹuˈtinɫi
row,ˈɹoʊ
royal,ˈɹɔɪəɫ
rub,ˈɹəb
rubber,ˈɹəbɝ
ruin,ˈɹuən
rule,ˈɹuɫ
ruling,ˈɹuɫɪŋ
rumor,ˈɹumɝ
run,ˈɹən
runner,ˈɹənɝ
running,ˈɹənɪŋ
rural,ˈɹʊɹəɫ
rush,ˈɹəʃ
sack,ˈsæk
sacred,ˈseɪkɹəd
sacrifice,ˈsækɹəˌfaɪs
sad,ˈsæd
safe,ˈseɪf
safely,ˈseɪfɫi
safety,ˈseɪfti
sail,ˈseɪɫ
sake,ˈseɪk
salad,ˈsæɫəd
salary,ˈsæɫɝi
sale,ˈseɪɫ
sales,ˈseɪɫz
salmon,ˈsæmən
salt,ˈsɔɫt
same,ˈseɪm
sample,ˈsæmpəɫ
sanction,ˈsæŋkʃən
sand,ˈsænd
sandwich,ˈsæmwɪtʃ
satellite,ˈsætəˌɫaɪt
satisfaction,ˌsætəsˈfækʃən
satisfy,ˈsætəsˌfaɪ
sauce,ˈsɔs
save,ˈseɪv
saving,ˈseɪvɪŋ
say,ˈseɪ
scale,ˈskeɪɫ
scan,ˈskæn
scandal,ˈskændəɫ
scare,ˈskɛɹ
scared,ˈskɛɹd
scary,ˈskɛɹi
scatter,ˈskætɝ
scenario,sɪˈnɛɹioʊ
scene,ˈsin
scent,ˈsɛnt
schedule,ˈskɛdʒuɫ
scheme,ˈskim
scholar,ˈskɑɫɝ
scholarship,ˈskɑɫɝˌʃɪp
school,ˈskuɫ
science,ˈsaɪəns
scientific,ˌsaɪənˈtɪfɪk
scientist,ˈsaɪəntɪst
scope,ˈskoʊp
score,ˈskɔɹ
scramble,ˈskɹæmbəɫ
scratch,ˈskɹætʃ
scream,ˈskɹim
screen,ˈskɹin
screening,ˈskɹinɪŋ
screw,ˈskɹu
script,ˈskɹɪpt
sculpture,ˈskəɫptʃɝ
sea,ˈsi
seal,ˈsiɫ
search,ˈsɝtʃ
season,ˈsizən
seat,ˈsit
second,ˈsɛkənd
secondary,ˈsɛkənˌdɛɹi
secret,ˈsikɹət
secretary,ˈsɛkɹəˌtɛɹi
section,ˈsɛkʃən
sector,ˈsɛktɝ
secular,ˈsɛkjəɫɝ
secure,sɪkˈjʊɹ
security,sɪkˈjʊɹəti
see,ˈsi
seed,ˈsid
seek,ˈsik
seem,ˈsim
seemingly,ˈsimɪŋɫi
segment,ˈsɛɡmənt
seize,ˈsiz
seldom,ˈsɛɫdəm
select,səˈɫɛkt
selected,səˈɫɛktɪd
selection,səˈɫɛkʃən
self,ˈsɛɫf
sell,ˈsɛɫ
seller,ˈsɛɫɝ
seminar,ˈsɛməˌnɑɹ
senator,ˈsɛnətɝ
send,ˈsɛnd
senior,ˈsinjɝ
sensation,sɛnˈseɪʃən
sense,ˈsɛns
sensitive,ˈsɛnsətɪv
sensitivity,ˌsɛnsɪˈtɪvɪti
sentence,ˈsɛntəns
sentiment,ˈsɛnəmənt
separate,ˈsɛpɝˌeɪt
separation,ˌsɛpɝˈeɪʃən
sequence,ˈsikwəns
series,ˈsɪɹiz
serious,ˈsɪɹiəs
seriously,ˈsɪɹiəsɫi
servant,ˈsɝvənt
serve,ˈsɝv
service,ˈsɝvəs
serving,ˈsɝvɪŋ
session,ˈsɛʃən
set,ˈsɛt
setting,ˈsɛtɪŋ
settle,ˈsɛtəɫ
settlement,ˈsɛtəɫmənt
seven,ˈsɛvən
seventh,ˈsɛvənθ
several,ˈsɛvɝəɫ
severe,səˈvɪɹ
severely,səˈvɪɹɫi
sex,ˈsɛks
sexual,ˈsɛkʃuəɫ
sexuality,ˌsɛkʃuˈæɫəti
sexually,ˈsɛkʃuəɫi
sexy,ˈsɛksi
shade,ˈʃeɪd
shadow,ˈʃæˌdoʊ
shake,ˈʃeɪk
shall,ˈʃæɫ
shallow,ˈʃæɫoʊ
shame,ˈʃeɪm
shape,ˈʃeɪp
share,ˈʃɛɹ
shared,ˈʃɛɹd
shareholder,ˈʃɛɹˌhoʊɫdɝ
shark,ˈʃɑɹk
sharp,ˈʃɑɹp
sharply,ˈʃɑɹpɫi
she,ˈʃi
shed,ˈʃɛd
sheep,ˈʃip
sheer,ˈʃɪɹ
sheet,ˈʃit
shelf,ˈʃɛɫf
shell,ˈʃɛɫ
shelter,ˈʃɛɫtɝ
shift,ˈʃɪft
shine,ˈʃaɪn
ship,ˈʃɪp
shirt,ˈʃɝt
shit,ˈʃɪt
shock,ˈʃɑk
shoe,ˈʃu
shoot,ˈʃut
shooting,ˈʃutɪŋ
shop,ˈʃɑp
shopping,ˈʃɑpɪŋ
shore,ˈʃɔɹ
short,ˈʃɔɹt
short-term,ˌʃɔɹtˈtɝm
shortage,ˈʃɔɹtədʒ
shortly,ˈʃɔɹtɫi
shorts,ˈʃɔɹts
shot,ˈʃɑt
should,ˈʃʊd
shoulder,ˈʃoʊɫdɝ
shout,ˈʃaʊt
shove,ˈʃəv
show,ˈʃoʊ
shower,ˈʃaʊɝ
shrimp,ˈʃɹɪmp
shrink,ˈʃɹɪŋk
shrug,ˈʃɹəɡ
shut,ˈʃət
shuttle,ˈʃətəɫ
shy,ˈʃaɪ
sibling,ˈsɪbɫɪŋ
sick,ˈsɪk
side,ˈsaɪd
sidewalk,ˈsaɪdˌwɔk
sigh,ˈsaɪ
sight,ˈsaɪt
sign,ˈsaɪn
signal,ˈsɪɡnəɫ
signature,ˈsɪɡnətʃɝ
significance,səɡˈnɪfɪkəns
significant,səɡˈnɪfɪkənt
significantly,sɪɡˈnɪfɪkəntɫi
silence,ˈsaɪɫəns
silent,ˈsaɪɫənt
silk,ˈsɪɫk
silly,ˈsɪɫi
silver,ˈsɪɫvɝ
similar,ˈsɪməɫɝ
similarity,ˌsɪməˈɫɛɹəti
similarly,ˈsɪməɫɝɫi
simple,ˈsɪmpəɫ
simply,ˈsɪmpɫi
simultaneously,ˌsaɪməɫˈteɪniəsɫi
sin,ˈsɪn
since,ˈsɪns
sing,ˈsɪŋ
singer,ˈsɪŋɝ
single,ˈsɪŋɡəɫ
sink,ˈsɪŋk
sir,ˈsɝ
sister,ˈsɪstɝ
sit,ˈsɪt
site,ˈsaɪt
situation,ˌsɪtʃuˈeɪʃən
six,ˈsɪks
sixth,ˈsɪksθ
size,ˈsaɪz
ski,ˈski
skill,ˈskɪɫ
skilled,ˈskɪɫd
skin,ˈskɪn
skip,ˈskɪp
skirt,ˈskɝt
skull,ˈskəɫ
sky,ˈskaɪ
slam,ˈsɫæm
slap,ˈsɫæp
slave,ˈsɫeɪv
slavery,ˈsɫeɪvɝi
sleep,ˈsɫip
sleeve,ˈsɫiv
slice,ˈsɫaɪs
slide,ˈsɫaɪd
slight,ˈsɫaɪt
slightly,ˈsɫaɪtɫi
slip,ˈsɫɪp
slope,ˈsɫoʊp
slot,ˈsɫɑt
slow,ˈsɫoʊ
slowly,ˈsɫoʊɫi
small,ˈsmɔɫ
smart,ˈsmɑɹt
smell,ˈsmɛɫ
smile,ˈsmaɪɫ
smoke,ˈsmoʊk
smooth,ˈsmuð
snake,ˈsneɪk
snap,ˈsnæp
sneak,ˈsnik
snow,ˈsnoʊ
so-called,ˈsoʊˈkɔɫd
soak,ˈsoʊk
soap,ˈsoʊp
soar,ˈsɔɹ
soccer,ˈsɑkɝ
social,ˈsoʊʃəɫ
socially,ˈsoʊʃəɫi
society,səˈsaɪəti
sock,ˈsɑk
sodium,ˈsoʊdiəm
sofa,ˈsoʊfə
soft,ˈsɑft
soften,ˈsɑfən
softly,ˈsɔfɫi
software,ˈsɔfˌwɛɹ
soil,ˈsɔɪɫ
solar,ˈsoʊɫɝ
soldier,ˈsoʊɫdʒɝ
sole,ˈsoʊɫ
solely,ˈsoʊəɫi
solid,ˈsɑɫəd
solution,səˈɫuʃən
solve,ˈsɑɫv
some,ˈsəm
somebody,ˈsəmˌbɑdi
someday,ˈsəmˌdeɪ
somehow,ˈsəmˌhaʊ
someone,ˈsəmˌwən
something,ˈsəmθɪŋ
sometime,ˈsəmˌtaɪm
sometimes,ˈsəmˌtaɪmz
somewhat,ˈsəmˈwət
somewhere,ˈsəmˌwɛɹ
son,ˈsən
song,ˈsɔŋ
soon,ˈsun
sophisticated,səˈfɪstəˌkeɪtɪd
sorry,ˈsɑɹi
sort,ˈsɔɹt
soul,ˈsoʊɫ
sound,ˈsaʊnd
soup,ˈsup
source,ˈsɔɹs
south,ˈsaʊθ
southeast,ˌsaʊˈθist
southern,ˈsəðɝn
southwest,ˌsaʊθˈwɛst
sovereignty,ˈsɑvɹənti
space,ˈspeɪs
spare,ˈspɛɹ
spark,ˈspɑɹk
speak,ˈspik
speaker,ˈspikɝ
special,ˈspɛʃəɫ
specialist,ˈspɛʃəɫəst
specialize,ˈspɛʃəˌɫaɪz
specialty,ˈspeɪʃəɫti
species,ˈspiʃiz
specific,spəˈsɪfɪk
specifically,spəˈsɪfɪkɫi
specify,ˈspɛsəˌfaɪ
spectacular,spɛkˈtækjəɫɝ
spectrum,ˈspɛktɹəm
speculate,ˈspɛkjəˌɫeɪt
speculation,ˌspɛkjəˈɫeɪʃən
speech,ˈspitʃ
speed,ˈspid
spell,ˈspɛɫ
spend,ˈspɛnd
spending,ˈspɛndɪŋ
sphere,ˈsfɪɹ
spill,ˈspɪɫ
spin,ˈspɪn
spine,ˈspaɪn
spirit,ˈspɪɹət
spiritual,ˈspɪɹɪˌtʃuəɫ
spit,ˈspɪt
spite,ˈspaɪt
split,ˈspɫɪt
spokesman,ˈspoʊksmən
sponsor,ˈspɑnsɝ
spoon,ˈspun
sport,ˈspɔɹt
spot,ˈspɑt
spouse,ˈspaʊs
spray,ˈspɹeɪ
spread,ˈspɹɛd
spring,ˈspɹɪŋ
sprinkle,ˈspɹɪŋkəɫ
spy,ˈspaɪ
squad,ˈskwɑd
square,ˈskwɛɹ
squeeze,ˈskwiz
stability,stəˈbɪɫɪti
stable,ˈsteɪbəɫ
stack,ˈstæk
stadium,ˈsteɪdiəm
staff,ˈstæf
stage,ˈsteɪdʒ
stair,ˈstɛɹ
stake,ˈsteɪk
stance,ˈstæns
stand,ˈstænd
standard,ˈstændɝd
standing,ˈstændɪŋ
star,ˈstɑɹ
stare,ˈstɛɹ
start,ˈstɑɹt
starter,ˈstɑɹtɝ
starting,ˈstɑɹtɪŋ
state,ˈsteɪt
statement,ˈsteɪtmənt
station,ˈsteɪʃən
statistical,stəˈtɪstɪkəɫ
statistics,stəˈtɪstɪks
statue,ˈstæˌtʃu
status,ˈstætəs
statute,ˈstætʃut
stay,ˈsteɪ
steadily,ˈstɛdəɫi
steady,ˈstɛdi
steak,ˈsteɪk
steal,ˈstiɫ
steam,ˈstim
steel,ˈstiɫ
steep,ˈstip
steer,ˈstɪɹ
stem,ˈstɛm
step,ˈstɛp
stick,ˈstɪk
stiff,ˈstɪf
still,ˈstɪɫ
stimulate,ˈstɪmjəˌɫeɪt
stimulus,ˈstɪmjəɫəs
stir,ˈstɝ
stock,ˈstɑk
stomach,ˈstəmək
stone,ˈstoʊn
stop,ˈstɑp
storage,ˈstɔɹədʒ
store,ˈstɔɹ
storm,ˈstɔɹm
story,ˈstɔɹi
stove,ˈstoʊv
straight,ˈstɹeɪt
straighten,ˈstɹeɪtən
strain,ˈstɹeɪn
strange,ˈstɹeɪndʒ
stranger,ˈstɹeɪndʒɝ
strategic,stɹəˈtidʒɪk
strategy,ˈstɹætədʒi
straw,ˈstɹɔ
streak,ˈstɹik
stream,ˈstɹim
street,ˈstɹit
strength,ˈstɹɛŋkθ
strengthen,ˈstɹɛŋθən
stress,ˈstɹɛs
stretch,ˈstɹɛtʃ
strict,ˈstɹɪkt
strictly,ˈstɹɪktɫi
strike,ˈstɹaɪk
striking,ˈstɹaɪkɪŋ
string,ˈstɹɪŋ
strip,ˈstɹɪp
stroke,ˈstɹoʊk
strong,ˈstɹɔŋ
strongly,ˈstɹɔŋɫi
structural,ˈstɹəktʃɝəɫ
structure,ˈstɹəktʃɝ
struggle,ˈstɹəɡəɫ
student,ˈstudənt
studio,ˈstudiˌoʊ
study,ˈstədi
stuff,ˈstəf
stumble,ˈstəmbəɫ
stupid,ˈstupəd
style,ˈstaɪɫ
subject,ˈsəbdʒɪkt
submit,səbˈmɪt
subsequent,ˈsəbsəkwənt
subsidy,ˈsəbsɪdi
substance,ˈsəbstəns
substantial,səbˈstænʃəɫ
substantially,səbˈstænʃəɫi
subtle,ˈsətəɫ
suburb,ˈsəbɝb
suburban,səˈbɝbən
succeed,səkˈsid
success,səkˈsɛs
successful,səkˈsɛsfəɫ
successfully,səkˈsɛsfəɫi
such,ˈsətʃ
suck,ˈsək
sudden,ˈsədən
suddenly,ˈsədənɫi
sue,ˈsu
suffer,ˈsəfɝ
suffering,ˈsəfɝɪŋ
sufficient,səˈfɪʃənt
sugar,ˈʃʊɡɝ
suggest,səˈdʒɛst
suggestion,səˈdʒɛstʃən
suicide,ˈsuəˌsaɪd
suit,ˈsut
suitable,ˈsutəbəɫ
suite,ˈswit
sum,ˈsəm
summary,ˈsəmɝi
summer,ˈsəmɝ
summit,ˈsəmət
sun,ˈsən
sunlight,ˈsənˌɫaɪt
sunny,ˈsəni
super,ˈsupɝ
superior,suˈpɪɹiɝ
supermarket,ˈsupɝˌmɑɹkɪt
supervisor,ˈsupɝˌvaɪzɝ
supplier,səˈpɫaɪɝ
supply,səˈpɫaɪ
support,səˈpɔɹt
supporter,səˈpɔɹtɝ
supportive,səˈpɔɹtɪv
suppose,səˈpoʊz
supposed,səˈpoʊzd
supposedly,səˈpoʊzədɫi
sure,ˈʃʊɹ
surely,ˈʃʊɹɫi
surface,ˈsɝfəs
surgeon,ˈsɝdʒən
surgery,ˈsɝdʒɝi
surprise,səˈpɹaɪz
surprised,səˈpɹaɪzd
surprising,səˈpɹaɪzɪŋ
surprisingly,səˈpɹaɪzɪŋɫi
surround,sɝˈaʊnd
surrounding,sɝˈaʊndɪŋ
surveillance,sɝˈveɪɫəns
survey,ˈsɝˌveɪ
survival,sɝˈvaɪvəɫ
survive,sɝˈvaɪv
survivor,sɝˈvaɪvɝ
suspect,ˈsəsˌpɛkt
suspend,səˈspɛnd
suspicion,səˈspɪʃən
suspicious,səˈspɪʃəs
sustain,səˈsteɪn
sustainable,səˈsteɪnəbəɫ
swallow,ˈswɑɫoʊ
swear,ˈswɛɹ
sweat,ˈswɛt
sweater,ˈswɛtɝ
sweep,ˈswip
sweet,ˈswit
swell,ˈswɛɫ
swim,ˈswɪm
swimming,ˈswɪmɪŋ
swing,ˈswɪŋ
switch,ˈswɪtʃ
sword,ˈsɔɹd
symbol,ˈsɪmbəɫ
symbolic,sɪmˈbɑɫɪk
sympathy,ˈsɪmpəθi
symptom,ˈsɪmptəm
syndrome,ˈsɪnˌdɹoʊm
system,ˈsɪstəm
table,ˈteɪbəɫ
tablespoon,ˈteɪbəɫˌspun
tackle,ˈtækəɫ
tactic,ˈtæktɪk
tag,ˈtæɡ
tail,ˈteɪɫ
take,ˈteɪk
tale,ˈteɪɫ
talent,ˈtæɫənt
talented,ˈtæɫəntɪd
talk,ˈtɔk
tall,ˈtɔɫ
tank,ˈtæŋk
tap,ˈtæp
tape,ˈteɪp
target,ˈtɑɹɡət
task,ˈtæsk
taste,ˈteɪst
tax,ˈtæks
taxpayer,ˈtækˌspeɪɝ
tea,ˈti
teach,ˈtitʃ
teacher,ˈtitʃɝ
teaching,ˈtitʃɪŋ
team,ˈtim
teammate,ˈtiˌmeɪt
tear,ˈtɛɹ
teaspoon,ˈtiˌspun
technical,ˈtɛknɪkəɫ
technician,tɛkˈnɪʃən
technique,tɛkˈnik
technological,ˌtɛknəˈɫɑdʒɪkəɫ
technology,tɛkˈnɑɫədʒi
teen,ˈtin
teenage,ˈtiˌneɪdʒ
teenager,ˈtiˌneɪdʒɝ
telephone,ˈtɛɫəˌfoʊn
telescope,ˈtɛɫəˌskoʊp
television,ˈtɛɫəˌvɪʒən
tell,ˈtɛɫ
temperature,ˈtɛmpɝətʃɝ
temple,ˈtɛmpəɫ
temporary,ˈtɛmpɝˌɛɹi
ten,ˈtɛn
tend,ˈtɛnd
tendency,ˈtɛndənsi
tender,ˈtɛndɝ
tennis,ˈtɛnəs
tension,ˈtɛnʃən
tent,ˈtɛnt
term,ˈtɝm
terms,ˈtɝmz
terrain,tɝˈeɪn
terrible,ˈtɛɹəbəɫ
terribly,ˈtɛɹəbɫi
terrific,tɝˈɪfɪk
territory,ˈtɛɹɪˌtɔɹi
terror,ˈtɛɹɝ
terrorism,ˈtɛɹɝˌɪzəm
terrorist,ˈtɛɹɝɪst
test,ˈtɛst
testify,ˈtɛstəˌfaɪ
testimony,ˈtɛstəˌmoʊni
testing,ˈtɛstɪŋ
text,ˈtɛkst
textbook,ˈtɛkstˌbʊk
texture,ˈtɛkstʃɝ
than,ˈðæn
thank,ˈθæŋk
thanks,ˈθæŋks
that,ˈðæt
the,ˈðə
theater,ˈθiətɝ
their,ˈðɛɹ
them,ˈðɛm
theme,ˈθim
themselves,ðəmˈsɛɫvz
then,ˈðɛn
theological,ˌθiəˈɫɑdʒɪkəɫ
theology,θiˈɑɫədʒi
theoretical,ˌθiɝˈɛtɪkəɫ
theory,ˈθiɝi
therapist,ˈθɛɹəpəst
therapy,ˈθɛɹəpi
there,ˈðɛɹ
thereby,ˈðɛɹˈbaɪ
therefore,ˈðɛɹˌfɔɹ
these,ˈðiz
they,ˈðeɪ
thick,ˈθɪk
thigh,ˈθaɪ
thin,ˈθɪn
thing,ˈθɪŋ
think,ˈθɪŋk
thinking,ˈθɪŋkɪŋ
third,ˈθɝd
thirty,ˈθɝˌdi
this,ˈðɪs
thoroughly,ˈθɝoʊɫi
those,ˈðoʊz
though,ˈðoʊ
thought,ˈθɔt
thousand,ˈθaʊzən
thread,ˈθɹɛd
threat,ˈθɹɛt
threaten,ˈθɹɛtən
three,ˈθɹi
threshold,ˈθɹɛˌʃoʊɫd
thrive,ˈθɹaɪv
throat,ˈθɹoʊt
through,ˈθɹu
throughout,θɹuˈaʊt
throw,ˈθɹoʊ
thumb,ˈθəm
thus,ˈðəs
ticket,ˈtɪkət
tide,ˈtaɪd
tie,ˈtaɪ
tight,ˈtaɪt
tighten,ˈtaɪtən
tightly,ˈtaɪtɫi
tile,ˈtaɪɫ
till,ˈtɪɫ
timber,ˈtɪmbɝ
time,ˈtaɪm
timing,ˈtaɪmɪŋ
tiny,ˈtaɪni
tip,ˈtɪp
tire,ˈtaɪɝ
tired,ˈtaɪɝd
tissue,ˈtɪsˌju
title,ˈtaɪtəɫ
tobacco,təˈbæˌkoʊ
today,təˈdeɪ
toe,ˈtoʊ
together,təˈɡɛðɝ
toilet,ˈtɔɪɫət
tolerance,ˈtɑɫɝəns
tolerate,ˈtɑɫɝˌeɪt
toll,ˈtoʊɫ
tomato,təˈmɑˌtoʊ
tomorrow,təˈmɑˌɹoʊ
tone,ˈtoʊn
tongue,ˈtəŋ
tonight,təˈnaɪt
too,ˈtu
tool,ˈtuɫ
tooth,ˈtuθ
top,ˈtɑp
topic,ˈtɑpɪk
toss,ˈtɔs
total,ˈtoʊtəɫ
totally,ˈtoʊtəɫi
touch,ˈtətʃ
touchdown,ˈtətʃˌdaʊn
tough,ˈtəf
tour,ˈtʊɹ
tourism,ˈtʊˌɹɪzəm
tourist,ˈtʊɹəst
tournament,ˈtʊɹnəmənt
toward,ˈtɔɹd
towards,ˈtɔɹdz
towel,ˈtaʊəɫ
tower,ˈtaʊɝ
town,ˈtaʊn
toxic,ˈtɑksɪk
toy,ˈtɔɪ
trace,ˈtɹeɪs
track,ˈtɹæk
trade,ˈtɹeɪd
trading,ˈtɹeɪdɪŋ
tradition,tɹəˈdɪʃən
traditional,tɹəˈdɪʃənəɫ
traditionally,tɹəˈdɪʃənəɫi
traffic,ˈtɹæfɪk
tragedy,ˈtɹædʒədi
tragic,ˈtɹædʒɪk
trail,ˈtɹeɪɫ
trailer,ˈtɹeɪɫɝ
train,ˈtɹeɪn
trainer,ˈtɹeɪnɝ
training,ˈtɹeɪnɪŋ
trait,ˈtɹeɪt
transaction,tɹænˈzækʃən
transfer,ˈtɹænsfɝ
transform,ˈtɹænsfɔɹm
transformation,ˌtɹænsfɝˈmeɪʃən
transit,ˈtɹænzɪt
transition,tɹænˈzɪʃən
translate,tɹænˈsɫeɪt
translation,tɹænˈsɫeɪʃən
transmission,tɹænsˈmɪʃən
transmit,tɹænzˈmɪt
transport,ˈtɹænspɔɹt
transportation,ˌtɹænspɝˈteɪʃən
trap,ˈtɹæp
trash,ˈtɹæʃ
trauma,ˈtɹɔmə
travel,ˈtɹævəɫ
traveler,ˈtɹævəɫɝ
tray,ˈtɹeɪ
treasure,ˈtɹɛʒɝ
treat,ˈtɹit
treatment,ˈtɹitmənt
treaty,ˈtɹiti
tree,ˈtɹi
tremendous,tɹəˈmɛndəs
trend,ˈtɹɛnd
trial,ˈtɹaɪəɫ
tribal,ˈtɹaɪbəɫ
tribe,ˈtɹaɪb
trick,ˈtɹɪk
trigger,ˈtɹɪɡɝ
trim,ˈtɹɪm
trip,ˈtɹɪp
triumph,ˈtɹaɪəmf
troop,ˈtɹup
tropical,ˈtɹɑpɪkəɫ
trouble,ˈtɹəbəɫ
troubled,ˈtɹəbəɫd
truck,ˈtɹək
truly,ˈtɹuɫi
trunk,ˈtɹəŋk
trust,ˈtɹəst
truth,ˈtɹuθ
try,ˈtɹaɪ
tube,ˈtjub
tuck,ˈtək
tumor,ˈtumɝ
tune,ˈtun
tunnel,ˈtənəɫ
turkey,ˈtɝki
turn,ˈtɝn
twelve,ˈtwɛɫv
twentieth,ˈtwɛniəθ
twenty,ˈtwɛni
twice,ˈtwaɪs
twin,ˈtwɪn
twist,ˈtwɪst
two,ˈtu
two-thirds,ˌtuˈθɝdz
type,ˈtaɪp
typical,ˈtɪpəkəɫ
typically,ˈtɪpɪkəɫi
ugly,ˈəɡɫi
uh,ˈə
ultimate,ˈəɫtəmət
ultimately,ˈəɫtəmətɫi
unable,əˈneɪbəɫ
uncertain,ənˈsɝtən
uncertainty,ənˈsɝtənti
uncle,ˈəŋkəɫ
uncomfortable,ənˈkəmfɝtəbəɫ
uncover,ənˈkəvɝ
under,ˈəndɝ
undergo,ˌəndɝˈɡoʊ
undergraduate,ˌəndɝˈɡɹædʒəwət
underlying,ˌəndɝˈɫaɪɪŋ
undermine,ˈəndɝˌmaɪn
understand,ˌəndɝˈstænd
understanding,ˌəndɝˈstændɪŋ
undertake,ˈəndɝˌteɪk
unemployment,ˌənɪmˈpɫɔɪmənt
unexpected,ˌənɪkˈspɛktɪd
unfair,ˈənˈfɛɹ
unfold,ənˈfoʊɫd
unfortunately,ənˈfɔɹtʃənətɫi
unhappy,ənˈhæpi
uniform,ˈjunəˌfɔɹm
union,ˈjunjən
unique,juˈnik
unit,ˈjunət
unite,ˈjuˌnaɪt
unity,ˈjunəti
universal,ˌjunəˈvɝsəɫ
universe,ˈjunəˌvɝs
university,ˌjunəˈvɝsəti
unknown,ənˈnoʊn
unless,ənˈɫɛs
unlike,ənˈɫaɪk
unlikely,ənˈɫaɪkɫi
unprecedented,ənˈpɹɛsɪˌdɛntɪd
until,ənˈtɪɫ
unusual,ənˈjuˌʒuəɫ
update,ˈəpˌdeɪt
upon,əˈpɑn
upper,ˈəpɝ
upset,ˈəpˌsɛt
upstairs,əpˈstɛɹz
urban,ˈɝbən
urge,ˈɝdʒ
use,ˈjus
used,ˈjuzd
useful,ˈjusfəɫ
user,ˈjuzɝ
usual,ˈjuʒəwəɫ
usually,ˈjuʒəɫi
utility,juˈtɪɫəti
utilize,ˈjutəˌɫaɪz
vacation,veɪˈkeɪʃən
vaccine,ˌvækˈsin
vacuum,ˈvækjum
valid,ˈvæɫɪd
validity,vəˈɫɪdəti
valley,ˈvæɫi
valuable,ˈvæɫjəbəɫ
value,ˈvæɫju
van,ˈvæn
vanish,ˈvænɪʃ
variable,ˈvɛɹiəbəɫ
variation,ˌvɛɹiˈeɪʃən
variety,vɝˈaɪəti
various,ˈvɛɹiəs
vary,ˈvɛɹi
vast,ˈvæst
vegetable,ˈvɛdʒtəbəɫ
vehicle,ˈvihɪkəɫ
vendor,ˈvɛndɝ
venture,ˈvɛntʃɝ
verbal,ˈvɝbəɫ
verdict,ˈvɝdɪkt
version,ˈvɝʒən
versus,ˈvɝsəs
vertical,ˈvɝtɪkəɫ
very,ˈvɛɹi
vessel,ˈvɛsəɫ
veteran,ˈvɛtɝən
via,ˈvaɪə
victim,ˈvɪktəm
victory,ˈvɪktɝi
video,ˈvɪdioʊ
view,ˈvju
viewer,ˈvjuɝ
village,ˈvɪɫədʒ
violate,ˈvaɪəɫeɪt
violation,vaɪəˈɫeɪʃən
violence,ˈvaɪəɫəns
violent,ˈvaɪəɫənt
virtual,ˈvɝtʃuəɫ
virtually,ˈvɝtʃuəɫi
virtue,ˈvɝtʃu
virus,ˈvaɪɹəs
visible,ˈvɪzəbəɫ
vision,ˈvɪʒən
visit,ˈvɪzɪt
visitor,ˈvɪzɪtɝ
visual,ˈvɪʒəwəɫ
vital,ˈvaɪtəɫ
vitamin,ˈvaɪtəmən
vocal,ˈvoʊkəɫ
voice,ˈvɔɪs
volume,ˈvɑɫjum
voluntary,ˈvɑɫəntɛɹi
volunteer,ˌvɑɫənˈtɪɹ
vote,ˈvoʊt
voter,ˈvoʊtɝ
voting,ˈvoʊtɪŋ
vs,ˈviˈɛs
vulnerable,ˈvəɫnɝəbəɫ
wage,ˈweɪdʒ
wagon,ˈwæɡən
waist,ˈweɪst
wait,ˈweɪt
wake,ˈweɪk
walk,ˈwɑk
walking,ˈwɔkɪŋ
wall,ˈwɔɫ
wander,ˈwɑndɝ
want,ˈwɑnt
war,ˈwɔɹ
warehouse,ˈwɛɹˌhaʊs
warm,ˈwɔɹm
warmth,ˈwɔɹmθ
warn,ˈwɔɹn
warning,ˈwɔɹnɪŋ
warrior,ˈwɔɹiɝ
wash,ˈwɑʃ
waste,ˈweɪst
watch,ˈwɑtʃ
water,ˈwɔtɝ
wave,ˈweɪv
way,ˈweɪ
weak,ˈwik
weaken,ˈwikən
weakness,ˈwiknəs
wealth,ˈwɛɫθ
wealthy,ˈwɛɫθi
weapon,ˈwɛpən
wear,ˈwɛɹ
weather,ˈwɛðɝ
weave,ˈwiv
web,ˈwɛb
wedding,ˈwɛdɪŋ
weed,ˈwid
week,ˈwik
weekend,ˈwiˌkɛnd
weekly,ˈwikɫi
weigh,ˈweɪ
weight,ˈweɪt
weird,ˈwɪɹd
welcome,ˈwɛɫkəm
welfare,ˈwɛɫˌfɛɹ
well,ˈwɛɫ
well-being,ˌwɛɫˈbiɪŋ
well-known,ˈwɛɫˈnoʊn
west,ˈwɛst
western,ˈhwɛstɝn
wet,ˈwɛt
whale,ˈhweɪɫ
what,ˈhwət
whatever,ˌhwəˈtɛvɝ
wheat,ˈhwit
wheel,ˈhwiɫ
wheelchair,ˈhwiɫˌtʃɛɹ
when,ˈhwɛn
whenever,hwɛˈnɛvɝ
where,ˈhwɛɹ
whereas,hwɛˈɹæz
wherever,hwɛˈɹɛvɝ
whether,ˈhwɛðɝ
which,ˈhwɪtʃ
while,ˈhwaɪɫ
whip,ˈhwɪp
whisper,ˈhwɪspɝ
white,ˈhwaɪt
who,ˈhu
whoever,huˈɛvɝ
whole,ˈhoʊɫ
whom,ˈhum
whose,ˈhuz
why,ˈhwaɪ
wide,ˈwaɪd
widely,ˈwaɪdɫi
widespread,ˈwaɪdsˈpɹɛd
widow,ˈwɪdoʊ
wife,ˈwaɪf
wild,ˈwaɪɫd
wilderness,ˈwɪɫdɝnəs
wildlife,ˈwaɪɫdˌɫaɪf
will,ˈwɪɫ
willing,ˈwɪɫɪŋ
willingness,ˈwɪɫɪŋnəs
win,ˈwɪn
wind,ˈwaɪnd
window,ˈwɪndoʊ
wine,ˈwaɪn
wing,ˈwɪŋ
winner,ˈwɪnɝ
winter,ˈwɪntɝ
wipe,ˈwaɪp
wire,ˈwaɪɝ
wisdom,ˈwɪzdəm
wise,ˈwaɪz
wish,ˈwɪʃ
with,ˈwɪð
withdraw,wɪðˈdɹɔ
withdrawal,wɪðˈdɹɔəɫ
within,wɪˈðɪn
without,wɪˈðaʊt
witness,ˈwɪtnəs
wolf,ˈwʊɫf
woman,ˈwʊmən
wonder,ˈwəndɝ
wonderful,ˈwəndɝfəɫ
wood,ˈwʊd
wooden,ˈwʊdən
word,ˈwɝd
work,ˈwɝk
worker,ˈwɝkɝ
working,ˈwɝkɪŋ
workout,ˈwɝˌkaʊt
workplace,ˈwɝkˌpɫeɪs
works,ˈwɝks
workshop,ˈwɝkˌʃɑp
world,ˈwɝɫd
worldwide,ˈwɝɫdˈwaɪd
worried,ˈwɝid
worry,ˈwɝi
worth,ˈwɝθ
would,ˈwʊd
wound,ˈwaʊnd
wow,ˈwaʊ
wrap,ˈɹæp
wrist,ˈɹɪst
write,ˈɹaɪt
writer,ˈɹaɪtɝ
writing,ˈɹaɪtɪŋ
written,ˈɹɪtən
wrong,ˈɹɔŋ
yard,ˈjɑɹd
yeah,ˈjæ
year,ˈjɪɹ
yell,ˈjɛɫ
yellow,ˈjɛɫoʊ
yes,ˈjɛs
yesterday,ˈjɛstɝˌdeɪ
yet,ˈjɛt
yield,ˈjiɫd
you,ˈju
young,ˈjəŋ
youngster,ˈjəŋstɝ
your,ˈjɔɹ
yours,ˈjɔɹz
yourself,ˈjɔɹsɛɫf
youth,ˈjuθ
zone,ˈzoʊn